id,nom
1,filets de cabillaud
2,margarine
3,farine tout usage
4,lait
5,et du poivre noir selon votre goût
6,fromage cheddar
7,flocons d'avoine instantanés
8,graines de chia
9,amandes effilées
10,sucre brun
11,beurre de cacahuète en poudre
12,cannelle
13,poudre de cacao non sucrée
14,sel
15,eau
16,beurre de cacahuète
17,paprika
18,poudre d'oignon
19,poudre d'ail
20,marjolaine
21,sage
22,poivre noir
23,noix de muscade
24,os
25,huile de coco
26,sherry
27,jus de citron vert
28,fraises - nettoyées
29,crème légère
30,extrait de vanille
31,sucre blanc
32,levure chimique
33,zeste de citron
34,beurre non salé
35,persil
36,romarin
37,sauge frottée
38,feuilles de thym
39,assaisonnement citron-poivre
40,dinde
41,orange
42,oignon
43,carotte
44,céleri
45,Champagne
46,bouillon de poulet
47,sans peau
48,chapelure assaisonnée à l'italienne
49,parmesan
50,basilic
51,thym
52,beurre
53,maïzena
54,mûres
55,eau bouillante
56,citrouilles
57,œufs
58,crème fouettée épaisse
59,Crème fraîche
60,sucre demerara
61,épices pour tarte à la citrouille
62,croûtes à tarte profondes
63,côtelettes
64,et poivre selon votre goût
65,soupe condensée à la crème de champignons
66,glaçage de pâte à brioche à la cannelle
67,pépites de chocolat blanc
68,jus de citron
69,sucre glace
70,babeurre
71,myrtilles
72,chips de maïs
73,sirop de maïs léger
74,beurre de cacahuète crémeux
75,chocolat au lait
76,piments jalapeño
77,fromage à la crème
78,pointe de poitrine
79,bacon épais
80,sel et poivre noir au goût
81,sauce barbecue
82,baies de blé
83,eau pour couvrir
84,farine de maïs
85,beurre salé
86,brocoli
87,cheddar fort
88,crème au sel
89,granules d'ail
90,poulet coupé en morceaux
91,bouillon de poulet
92,oignons
93,œuf
94,champignons de Paris
95,vin de marsala
96,soupe de poulet à la crème condensée
97,crème épaisse
98,pâtes linguine
99,huile végétale
100,ail
101,tomates
102,bouillon de légumes
103,sauce Worcestershire végétarienne
104,sauce au poivre
105,sirop d'érable
106,vinaigre de cidre
107,ketchup
108,huile de sésame
109,sauce de soja
110,poudre de chipotle
111,origan
112,poivre de Cayenne
113,sel de céleri
114,biscuits graham
115,noix de pécan grillées
116,Sucre en poudre
117,sel casher
118,sucre brun clair
119,rhum brun
120,noix de pécan grillées grossièrement
121,prunes
122,du jus d'orange
123,cumin
124,cardamome
125,amandes effilées grillées
126,bœuf
127,chapelure
128,échalote
129,Moutarde de Dijon
130,pancetta
131,petits pains
132,pâte à tarte roulée
133,flocons d'avoine
134,huile d'olive
135,rôti de paleron de bœuf désossé
136,carottes
137,oignon jaune
138,navets
139,haricots verts
140,pâte de tomates
141,graines de céleri
142,feuilles
143,poivre noir au goût
144,pulvérisation
145,poivrons
146,chapelure panko
147,pommes de terre
148,noix de pécan
149,poivre au goût
150,farine
151,truite
152,courgettes
153,chapelure fine
154,citron
155,feuilles de laurier
156,seitan
157,ou des bouteilles de bière stout irlandaise
158,flocons de piment rouge
159,ciboulette
160,sauce
161,mélange d'assaisonnement pour tacos
162,haricots frits
163,chips tortilla
164,olives noires
165,tomate
166,oignons verts
167,filets d'aiglefin
168,moitiés de noix de pécan
169,farine de blé entier pour pâtisserie
170,vrai sirop d'érable
171,lait de soja
172,poudre d'arrow-root
173,purée de citrouille
174,gingembre
175,clous de girofle
176,coquilles de tarte
177,raisins
178,noix ou noix de pécan
179,sirop de maïs
180,haricots noirs
181,mélange à brownie
182,pépites de chocolat
183,pain
184,entièrement en déjeuner
185,soupe de tomates condensée
186,bicarbonate de soude
187,farine à levure incorporée
188,mélange pour vinaigrette ranch
189,vinaigre de riz
190,pommes de terre non pelées
191,mini-carottes
192,farine tout usage
193,filet de porc
194,patates douces
195,au goût
196,farine tout usage non blanchie
197,spray de cuisson
198,chapelure assaisonnée
199,champignons
200,tranches de fromage mozzarella
201,miettes de biscuits Graham
202,labneh
203,fraises
204,pommes de terre rousses longues
205,Huile d'olive vierge extra
206,assaisonnement italien
207,sel et poivre noir concassé au goût
208,tomates mûries sur pied
209,boules de mozzarella
210,feuilles de basilic
211,glaçage balsamique
212,fromage Grana Padano
213,poulet
214,couvrir
215,saucisse chorizo
216,poivre
217,épinard
218,et des haricots à œil noir en conserve rincés
219,fromage Monterey Jack
220,pour une tarte à double croûte de 25 cm
221,feuilles de coriandre
222,côtelettes de longe de porc désossées et coupées au centre
223,frottement à la caraïbe
224,marinade teriyaki
225,ananas
226,jus d'ananas
227,racine de gingembre
228,graines de moutarde
229,raisins dorés
230,pépites de cacao douces-amères (60 g)
231,noix
232,steaks mignons
233,beurre ou beurre aux herbes
234,champignons portobello miniatures
235,vin blanc
236,sauce Worcestershire
237,poivre noir concassé
238,jus de citron pressé
239,croûte à tarte
240,pommes
241,haricots pinto
242,haricots rouges
243,saucisse andouille
244,bœuf maigre
245,gousses d'ail
246,maïs
247,salsa
248,sauce chili à base de tomates
249,vinaigre blanc
250,pommes de terre dorées
251,bouillon de poulet
252,riz blanc
253,sel assaisonné
254,gruau
255,poudre de protéines de lactosérum
256,graines de citrouille
257,lait écrémé
258,cidre de pomme
259,gelée de pommes
260,carcasse de dinde
261,feuilles de céleri
262,jus de tomates mijotées
263,riz à grains longs
264,haricots
265,bouillon de poulet
266,maïs en grains entiers
267,et du bacon
268,relish de cornichons à l'aneth
269,mayonnaise
270,moutarde jaune
271,graisse de bacon
272,sel et poivre noir
273,masse
274,rhubarbe
275,jaunes d'œufs
276,lard
277,haricots blancs
278,pâte ou sauce harissa douce
279,dates
280,piment jalapeño
281,oignon blanc
282,Miel
283,poudre de moutarde
284,ailes de poulet
285,Flocons d'avoine à cuisson rapide
286,noix de coco
287,beurre de cacahuète croquant
288,flocons de persil
289,liquide de câpres
290,pour une tarte à double croûte de 23 cm
291,pêches
292,tapioca à cuisson rapide
293,vitellus
294,purée de prunes pour bébé
295,compote de pommes
296,jambon
297,crêpes au babeurre
298,60 barres de chocolat noir au cacao à pâtisser
299,farine à gâteau
300,framboises
301,crème
302,levure active
303,piments jalapeño
304,fromage pepperjack
305,cure-dents
306,sauce pour ailes de poulet Buffalo
307,vinaigrette au fromage bleu
308,lait concentré sucré
309,lait entier
310,lait concentré non sucré
311,mélasse
312,banane
313,emballages
314,huile pour friture
315,persil plat
316,feuilles d'origan
317,feuilles de thym citron
318,crevettes supplémentaires
319,brochettes
320,pâtes penne
321,fromage gorgonzola émietté
322,poire
323,noix grillées
324,riz blanc à grains courts
325,macaronis coudés
326,fromage fondu
327,soupe au cheddar condensée
328,fromage américain
329,crackers ronds au beurre
330,rôti de côtes de bœuf
331,filet
332,sauce barbecue au hickory
333,vinaigre de cidre
334,bouillon de poulet à faible teneur en sodium
335,chou
336,tomates mijotées à l'italienne
337,avocats
338,huile de maïs
339,poivron
340,graines de coriandre
341,échalotes
342,vinaigre de vin blanc
343,sel de mer
344,filets de filet mignon
345,pâte à biscuits au babeurre
346,sauce à pizza
347,pepperoni
348,fromage mozzarella
349,café fort
350,cerises marasquin
351,pépites de chocolat mi-sucré miniatures
352,fromage fondu
353,tomates Roma
354,yaourt grec
355,moutarde
356,aneth
357,jeunes épinards
358,pain complet
359,steaks
360,huile de canola
361,flocons de sel marin au goût
362,vinaigrette à la russe
363,confitures d'abricots
364,mélange pour soupe à l'oignon
365,sirop pour crêpes
366,chocolat blanc
367,pépites de chocolat mi-sucré
368,quinoa rouge
369,tomates cerises
370,concombre
371,oignon rouge
372,graines de cumin
373,jeunes pousses d'épinards
374,croquettes de pommes de terre
375,végétalien
376,beurre végétalien
377,déjouer
378,pouding à la vanille à cuire et à servir
379,pêches au sirop épais
380,whisky
381,poivre blanc au goût
382,oignon doux
383,poivron vert
384,sauce chili-ail
385,poudre de chili
386,assaisonnement pour fruits de mer
387,pain complet
388,farine non blanchie
389,poivron rouge
390,couscous
391,bouillon de légumes
392,asperge
393,petits pois écossés ou surgelés
394,menthe
395,gousses d'ail
396,cornichons à l'aneth
397,pain de seigle
398,sauce mille-îles
399,fromage suisse
400,charcuterie de bœuf salé
401,choucroute
402,pommes de terre rissolées surgelées
403,fromage pepper jack
404,chair de crabe en gros morceaux
405,farine d'amande
406,poivron rouge
407,oignon vert
408,poivrons jaunes
409,tranches d'amandes grillées
410,sucre
411,assaisonnement au goût
412,restes de jambon
413,Gruau instantané à l'érable et au sucre brun
414,salsa légèrement piquante
415,riz
416,brocoli surgelé
417,haricots originaux
418,Jeanne des haricots rouges foncés
419,Jeanne des haricots chili épicés
420,riz blanc à grains longs
421,beurre non salé ou huile
422,huile végétale ou d'olive
423,saucisse douce ou italienne
424,pommes de terre féculentes
425,pommes fermes
426,feuilles de sauge ou de thym frottées
427,et du poivre noir
428,sucre brun clair ferme
429,compote de pommes non sucrée
430,farine en spray
431,préparation pour gâteau au chocolat du diable
432,liqueur aromatisée au café
433,préparation instantanée pour pouding au chocolat
434,zeste d'orange
435,mini pépites de chocolat
436,saucisses végétariennes
437,fromage cottage caillé
438,feuilles d'épinards
439,maïs crémeux
440,piments verts
441,oignons frits
442,vinaigre balsamique
443,aubergine
444,poireaux
445,pommes de terre rouges
446,maïs en grains entiers congelé
447,noix de coco râpée
448,lentilles
449,cube de bouillon de bœuf
450,cocktail de jus de tomates et de légumes
451,mayonnaise au wasabi
452,vinaigrette crémeuse
453,relish de cornichons sucrés
454,sel selon votre goût
455,raccourcissement
456,pâte d'anchois
457,betteraves dorées
458,laitue à feuilles rouges
459,raisins rouges sans pépins
460,bananes
461,tubettini
462,bacon de pancetta
463,haricots canneberges
464,jus de tomates en conserve
465,chocolat non sucré
466,extrait de menthe poivrée
467,colorant alimentaire vert
468,piment de la Jamaïque
469,blancs
470,cornichon à l'aneth
471,laitue
472,carrés de céréales de riz croustillants
473,carrés de céréales croustillantes au maïs
474,carrés de céréales de blé croustillants
475,bretzels
476,crackers en forme de poisson rouge aromatisés au parmesan
477,chips de bagel à l'ail
478,cacahuètes
479,canneberges
480,fromage bleu danois émietté
481,roquette
482,chou frisé
483,haricots à oeil noir
484,maïs blanc à sabot
485,coriandre
486,paprika fumé
487,betteraves
488,vinaigre balsamique vieilli
489,poudre de curry
490,courgettes
491,mix original
492,beurre ou margarine
493,soupe à l'oignon française condensée
494,et des pommes de terre
495,légumes surgelés
496,poivrons rouges grillés
497,saumon rouge
498,crackers
499,sauce au poivre de Cayenne
500,sel à l'ail
501,morue
502,chapelure assaisonnée à l'italienne
503,graines de pavot
504,préparation instantanée pour pouding au citron
505,levain de pain d'amitié Amish
506,betteraves marinées
507,chapeaux de champignons portobello
508,vinaigrette italienne allégée
509,concombres
510,chaux saumurée
511,bonbons rouges à la cannelle
512,colorant alimentaire rouge
513,alun
514,bâtons
515,anneaux et couvercles pour bocaux de conserve
516,tiges de rhubarbe
517,tapioca
518,pommes de terre Yukon Gold
519,sel d'oignon
520,rôti d'épaule de porc
521,coriandre
522,Ketchup Heinz
523,mélasse de luxe
524,rouleaux
525,citrons
526,gros sel marin
527,légumes surgelés mélange californien
528,beurre fondu
529,ailes de patin
530,tranches
531,filet
532,lait d'amande
533,margarine végétalienne
534,ou des myrtilles congelées
535,sucre glace pour saupoudrer
536,oignons rouges
537,confiture d'ube
538,extrait d'ube
539,sauce ranch
540,fromage bleu émietté
541,pâtes spirales tricolores
542,tofu ferme
543,pignons de pin
544,thon blanc en morceaux à l'eau
545,choux-fleurs
546,flocons de pommes de terre
547,craquelins de blé
548,granulés aromatisés au beurre
549,shortening aromatisé au beurre
550,vinaigrette ranch au babeurre
551,quinoa
552,garam masala
553,huile d'arachide pour la friture
554,moitiés de noix de cajou
555,oignon vert pour garnir
556,sauce aux huîtres
557,poivre blanc
558,garniture pour tarte aux cerises
559,préparation pour gâteau jaune
560,figues
561,rhum
562,sucre gélifiant
563,crème fouettée
564,pain français
565,moitié-moitié
566,Préparation pour pouding instantané à la vanille française
567,squash
568,saucisse de porc
569,fraises congelées
570,sucre granuleux
571,sucre glace
572,courge jaune
573,tomates piments verts
574,poudre au goût
575,mélange de fromages mexicains
576,avocat
577,coquille
578,palourdes à coquille molle
579,fromage feta en bloc
580,porc salé
581,jus de palourdes
582,estragon
583,palourdes
584,porc
585,crevette
586,courge spaghetti
587,tomates rôties au feu de bois
588,côtelettes de porc du centre
589,lait aigre
590,fromage de chèvre à l'ail et aux herbes
591,tomates séchées au soleil et herbes
592,désossé
593,fromage emmental
594,sucre brun foncé
595,farine de blé entier
596,germe de blé
597,graines de lin
598,flocons d'oignon
599,courge butternut
600,fromage de chèvre émietté
601,arilles de grenade
602,de romarin pour la garniture
603,vinaigre de vin rouge
604,beurre doux non salé
605,pointes d'asperges
606,fromage blanc
607,chou-fleur
608,flocons d'avoine à cuisson rapide
609,fonds d'artichauts
610,poivre citronné
611,chair de crabe
612,chair de homard
613,fromage de chèvre
614,filets
615,sauce barbecue
616,extrait d'amande
617,margarine ou beurre
618,noix de pécan ou noix
619,morceaux de bacon
620,pulpe de kaki
621,Garniture aux cerises classique ou premium
622,beurre fondu ou margarine
623,noix de macadamia
624,soupe à la tomate
625,sauce tomate
626,pépites de chocolat au lait
627,cannes de Noël
628,bouillon de poulet condensé
629,poudre de bouillon de poulet
630,pomme de terre
631,huile de canola pour la friture
632,biscuits sandwich au chocolat fourrés à la crème
633,préparation pour crêpes
634,pois chiches
635,pimenter
636,herbes de Provence
637,oignons verts
638,blettes suisses
639,parmesan grossièrement râpé
640,et des tomates séchées au soleil
641,croûtons à l'ail
642,chou-fleur râpé surgelé
643,coins
644,2 laits
645,crackers salés
646,spray de cuisson antiadhésif à l'huile de canola ou au beurre
647,bananes écrasées
648,extrait de vanille épicée
649,vinaigre blanc distillé
650,pâte à tarte à double croûte
651,vinaigrette Catalina
652,l'aneth
653,saumon
654,fromage parmesan-reggiano
655,pelure de pomme
656,muffins
657,sauce à pizza en conserve
658,saucisse pepperoni
659,sel à la truffe noire
660,sauce hoisin
661,nouilles ramen
662,huile d'arachide
663,chou napa
664,pâtes farfalle
665,houmous
666,fromage feta
667,champignons baby bella
668,rôti de longe de porc désossée
669,moutarde de Dijon
670,tapioca instantané
671,hachis de bœuf salé de Mary
672,tomates et piments verts en conserve
673,whisky bourbon
674,croissants
675,tomates herbes italiennes
676,filets de tilapia
677,herbes italiennes
678,riz instantané
679,fromage américain fondu
680,maïs crémeux
681,pâtes en forme de coquillage
682,préparation pour gâteau blanc
683,noix de pécan grossières
684,steak de jambon
685,salsa épaisse
686,nectar d'abricot
687,assaisonnement pour tacos
688,feuille d'aluminium
689,détergent à vaisselle
690,pâtes linguine
691,farce aux herbes Pepperidge
692,soupe crème de champignons condensée ou soupe crème de champignons condensée sans 98 %
693,gingembre confit
694,sauce pour ailes de poulet
695,tomates et piments verts
696,blancs de poulet
697,spaghetti
698,soupe à la crème de champignons à faible teneur en sodium
699,soupe à la crème de poulet à faible teneur en sodium
700,sel d'assaisonnement pour poulet
701,préparation pour gâteau jaune moelleux
702,confitures de fruits
703,pâte feuilletée surgelée
704,céréales cornflakes
705,flocons d'avoine coupés à l'acier
706,farine de blé
707,purée de pruneaux
708,préparation pour gâteau au citron
709,nectar de pêche
710,zeste de citron
711,petits pois
712,bacon fumé en tranches épaisses
713,pains à hamburger
714,garnitures selon les besoins
715,bavette
716,poivrons
717,nouilles
718,sauce spaghetti
719,fromage ricotta
720,fromage provolone
721,saucisses
722,arôme de fumée liquide
723,piment poblano
724,piments
725,colorant alimentaire jaune
726,au besoin
727,saucisse de poulet
728,chapelure sans gluten
729,petits pois surgelés
730,ignames violettes
731,et la courge butternut
732,shortening végétal
733,graisse de bacon
734,chorizo ​​à la mexicaine
735,tomatilles et hachures chili salsa verde
736,piments verts Hatch grillés en conserve
737,jalapeños au fromage jack
738,édulcorant naturel hypocalorique
739,extrait de vanille sans sucre
740,chips de tortilla grossièrement émiettées
741,légumes
742,croûtes à tarte surgelées
743,riz blanc à grains longs
744,huile de cuisson
745,saumon fumé
746,et poivre
747,assaisonnement pour porc
748,poudre cinq-épices chinoise
749,rôti de longe
750,noix de Californie
751,zeste de citron
752,Huile d'olive vierge extra
753,sel et poivre
754,filets
755,fromage feta émietté
756,patauger
757,tomates mûres
758,gnocchis de pommes de terre
759,haricots blancs du nord
760,croûte à pizza
761,pesto
762,vin rouge
763,steaks d'épaule
764,graines de cumin
765,céleri-rave
766,chocolat mi-sucré
767,chou-fleur surgelé
768,ciboulette ou plus selon votre goût
769,fromage parmesan-reggiano
770,épinards surgelés
771,bacon émietté
772,tomates séchées au soleil
773,choux de Bruxelles
774,citron vert
775,sauce sriracha
776,sauce de poisson
777,noix de pécan
778,piment chipotle en conserve dans sa sauce adobo
779,noix de pécan pour la garniture
780,pain aux raisins et à la cannelle
781,citrons verts
782,tomates cerises coupées en deux
783,filets de saumon
784,sauce Worcestershire Heinz
785,agneau
786,blanc
787,xérès de cuisine
788,pince de homard
789,jaune d'œuf
790,pâte de goyave
791,et des crevettes décortiquées
792,châtaignes d'eau
793,feuilles d'épinards déchirées
794,croissants
795,mélange pour soupe aux herbes et au citron
796,piments verts entiers doux
797,tortillas
798,sauce enchilada
799,pommes Smith
800,saucisse
801,piments jalapeños - coupés en deux
802,cheddar blanc fort
803,rôti de palette
804,farine de noix de coco
805,saucisse italienne
806,poivrons rouges
807,saucisse de poulet et de pomme précuite
808,et un mélange d'herbes aromatiques selon votre goût
809,extrait aromatisé à la courge butternut
810,onces de lait
811,purée de fraises
812,crème fouettée
813,côtelettes de longe
814,assaisonnement grec
815,extrait de noix de coco
816,lait de coco non sucré
817,farine à pain
818,tiges
819,poudre de piment chipotle
820,poudre de piment ancho
821,blancs de poulet coupés en morceaux
822,olives de Kalamata
823,pétoncles de mer
824,caramels emballés individuellement
825,mélange de noix
826,nouilles aux œufs
827,jaunes d'œufs
828,blancs d'œufs
829,myrtilles ou myrtilles congelées
830,saucisse de dinde
831,sauce soja sans gluten
832,lait de coco
833,jambon de charcuterie
834,fromage cheddar doux
835,pâte à biscuits
836,galettes de pommes de terre rissolées
837,des travers de porc
838,assaisonnement barbecue
839,jus de pomme
840,ou bière blonde en bouteille
841,et copeaux de bois de pommier
842,couscous perlé
843,et poulet rôti
844,piment chipotle
845,restes de dinde grossièrement hachés
846,fromage cheddar blanc
847,crème de tartre
848,noix de cajou
849,levure nutritionnelle
850,mélasse noire
851,remplissage
852,tartelettes en pâte filo
853,fromage brie
854,confiture de framboises
855,bœuf extra-maigre
856,pâtes rotini
857,poivrons rouges
858,jeunes courges jaunes et courgettes
859,graines de moutarde
860,curcuma
861,patate douce
862,céréales croustillantes au maïs et au riz
863,amandes entières
864,amandes
865,noix de coco non sucrée
866,graines de sésame
867,spaghettis fins
868,amandes grillées
869,jus de citron vert
870,zeste de citron vert
871,poivrons multicolores
872,tomates piments verts
873,chips tortillas au fromage nacho
874,sirop doré
875,morceaux d'ananas dans du jus
876,cerises
877,oignons perlés
878,épices à marinade
879,grains de poivre noir entiers
880,bouillon de bœuf
881,boisson gazeuse au cola
882,pomme
883,copeaux de bois de noyer
884,steak rond
885,groseilles
886,confiture de cerises acides
887,écorces de fruits confites
888,cerises acides
889,pâte pour une tarte à double croûte de 23 cm
890,sauce soja à faible teneur en sodium
891,assaisonnement pour volaille
892,bacon canadien
893,Céréales en flocons de maïs
894,framboises non sucrées surgelées
895,pêches congelées non sucrées
896,pâte à tarte à double croûte
897,pain blanc
898,stevia dans le sac du boulanger
899,zeste d'un citron
900,vanille
901,sel marin fin
902,seins
903,riz blanc instantané
904,crème de poulet
905,crème de céleri
906,crème de champignons
907,cerises acidulées
908,graines de tournesol
909,beurre de cacahuète naturel
910,poudre de protéine à la vanille
911,chocolat noir
912,pesto au basilic
913,côtelettes de porc désossées
914,feuille
915,myrtilles congelées
916,oignon de Vidalia
917,jeunes jacquiers verts dans l'eau
918,sauce barbecue
919,mache
920,ampoule
921,vinaigrette au basilic
922,pour la garniture
923,pommes de terre au four
924,crème aigre légère
925,lait écrémé
926,noix de coco râpée non sucrée
927,édulcorant sucralose
928,sauce chili à l'ail
929,côtes de porc
930,filet de bœuf
931,bacon épais
932,vinaigre
933,ou des pains à hamburger au blé
934,choux de Savoie
935,tomates entières
936,champignons entiers
937,cuisses de poulet
938,sel rose de l'Himalaya
939,tamari
940,assaisonnement de style créole
941,côtelettes de porc
942,piment rouge
943,lombes
944,crevettes
945,lentilles brunes
946,protéines végétales texturées
947,granulés de bouillon de poulet
948,écorce d'orange confite
949,citron confit
950,ananas confit
951,cerises rouges confites coupées en deux
952,cerises vertes confites coupées en deux
953,blancs de poulet désossés
954,bouillon de bœuf
955,riz à grains longs
956,sauce au bœuf
957,Mélange d'assaisonnement original caché pour vinaigrette
958,côtes de longe
959,poivre noir concassé au goût
960,fromage à la crème aromatisé aux herbes et à l'ail
961,bas de petits pains
962,dessus de chignon
963,tranches de cornichons à l'aneth
964,poulet rôti
965,vinaigrette au fromage bleu
966,sauce aux arachides
967,épaule de porc grossièrement hachée
968,graines de fenouil
969,assaisonnement aux herbes italiennes
970,yaourt
971,pâte d'ail
972,pâte de gingembre
973,piment vert
974,purée de tomates
975,feuilles de fenugrec
976,préparation instantanée pour pouding à la banane
977,huile de cuisson en spray
978,petites pommes de terre rouges
979,gésiers de poulet
980,foies de poulet
981,aquafaba
982,feuilles de papier
983,jacquier
984,petits pains
985,bagues
986,base de bœuf
987,liquide de haricots à œil noir
988,piment jalapeño au goût
989,vinaigre de riz
990,eau tiède
991,fromage feta de chèvre émietté
992,jambon entier
993,salsa verte
994,filet de bœuf entier
995,sel de mer sel casher
996,brins de thym
997,brin
998,poudre de gélatine
999,pomme de terre rousse
1000,chair de crabe
1001,pâte à pain congelée
1002,restes de saumon
1003,laitue Bibb - rincée
1004,noix
1005,sel et poivre au goût
1006,pain de seigle cocktail
1007,levain jeté
1008,sucre de coco
1009,bâton
1010,grains de poivre
1011,poudre d'agar-agar
1012,fromage mascarpone
1013,feuilles de menthe pour la garniture
1014,saucisse fumée
1015,ailes de poulet
1016,flocons d'avoine ordinaires
1017,shortening aromatisé au beurre
1018,poudre de cacao noir non sucré
1019,chocolat noir de haute qualité
1020,semoule de maïs jaune
1021,beurre très peu salé
1022,beurre fondu pour dorer les dessus
1023,mini bretzels
1024,sel assaisonné
1025,haricots cannellini
1026,tortellini surgelés aux quatre fromages
1027,parmesan selon votre goût
1028,poireau
1029,bouillon de poulet à teneur réduite en sodium
1030,mignon
1031,vieux assaisonnement
1032,queue de homard
1033,flocons d'avoine à cuisson rapide
1034,préparation instantanée pour pouding à la vanille
1035,tomates séchées au soleil dans l'huile
1036,cœurs d'artichauts
1037,ail granulé
1038,cookies
1039,guimauves
1040,gel décoratif noir
1041,gel décoratif orange
1042,nonpareilles
1043,gel décoratif rouge
1044,gel décoratif vert
1045,assaisonnement pour bagel complet
1046,acides aminés liquides
1047,sacs
1048,groseilles à maquereau
1049,pectine liquide
1050,pour une croûte à tarte de 23 cm
1051,jus de fraise
1052,croûtes de pain
1053,noyer
1054,salade iceberg
1055,macaroni
1056,thon
1057,mélange aromatisé à la framboise
1058,faux-filet de bœuf
1059,persil au goût
1060,farine à pain non blanchie
1061,farine de seigle foncée
1062,graines de carvi
1063,levure instantanée
1064,jus de cornichon aigre
1065,huile d'olive Land O Butter et sel marin
1066,o œufs
1067,huile de canola Land O Butter
1068,Saucisse de porc Jimmy Premium classique
1069,farine tout usage à mélange rapide
1070,biscuits au babeurre
1071,saindoux
1072,confiture de poivrons rouges et de piments ancho
1073,purée de citrouille en conserve
1074,et des crevettes de baie déveinées
1075,pistaches
1076,pâte de tahini
1077,câpres
1078,pois cassés
1079,miettes de biscuits Graham Honey Maid
1080,fromage à la crème Philadelphia Brick
1081,côtes de porc bébé
1082,tilapia
1083,chou-fleur plus brocoli et poivron rouge surgelés
1084,haricots porc
1085,saucisses de Francfort
1086,pâtes rotelle
1087,onces de jus de tomate
1088,mélange à biscuits
1089,chocolat au lait enrobé de bonbons
1090,chocolat mi-amer
1091,tomates mijotées
1092,flétan
1093,poires
1094,poivrons verts
1095,couvercles et anneaux de bocaux
1096,chair de crabe imitation
1097,mélange à brownies au fudge
1098,guimauves miniatures
1099,lait concentré sucré Eagle
1100,sucre brun ferme
1101,haricots beurre
1102,filets de vivaneau rouge avec peau
1103,huile
1104,piment chipotle
1105,bouillon à faible teneur en sodium
1106,protéine
1107,sauce au choix
1108,choix
1109,sucre extra-fin
1110,baguettes
1111,huile végétale pour la friture
1112,riz sauvage
1113,riz brun
1114,et des cerises
1115,sirop de maïs doré
1116,pâte à petits pains congelée pour dîner
1117,clous de girofle entiers
1118,colorant alimentaire
1119,café infusé
1120,poudre de cacao non sucrée de haute qualité
1121,yaourt grec sans matières grasses
1122,flocons d'avoine à cuisson rapide
1123,moutarde de Dijon à gros grains
1124,panais
1125,steaks de saumon
1126,poivron jaune
1127,huile d'ail
1128,pâte de piment
1129,ailes et pilons de poulet
1130,mangues
1131,tomatillos
1132,désossé
1133,citrouille en conserve
1134,pommes de terre nouvelles tricolores
1135,steaks de thon
1136,sauce soja à faible teneur en sodium
1137,huile d'olive infusée à l'ail
1138,poudre de gingembre
1139,étalage de crockreg de campagne
1140,vinaigrette à l'italienne
1141,fromage romano
1142,préparation pour gâteau blanc moelleux
1143,poudre d'espresso instantanée
1144,farine d'amande
1145,bière
1146,fromage à la crème à température ambiante
1147,dulce de leche
1148,nappage au caramel pour dessert
1149,steak
1150,huile d'avocat
1151,champignons cremini
1152,pain de mie
1153,pêches tendres
1154,nectarines douces
1155,huile de coco extra vierge
1156,crème à moitié-moitié
1157,paprika doux
1158,jus de cuisson
1159,copeaux de bois
1160,poudre de bouillon de poulet à teneur réduite en sodium
1161,avocats fermes et mûrs
1162,queso fresco émietté
1163,jeunes pousses de chou frisé
1164,moutarde de Dijon onctueuse
1165,farro
1166,céréales de blé soufflé
1167,petits pois et carottes surgelés
1168,grains de maïs congelés
1169,thym émietté
1170,et patates douces
1171,bouillon de poulet ou de jambon
1172,jambon de campagne
1173,amélanchiers
1174,mélange à farce pour pain
1175,eau selon les besoins
1176,tofu extra ferme
1177,canneberges sucrées
1178,mélange pour vinaigrette à l'italienne
1179,mélange de sauce brune
1180,rôti de bœuf à l'épaule
1181,crosses de fougère
1182,levain Herman
1183,12 à 3 tasses de sucre glace
1184,bacon maigre
1185,girolles
1186,extrait de citron
1187,son de blé non transformé
1188,sucre brun clair
1189,bière brune
1190,côtes
1191,côtes de venaison
1192,assaisonnement cajun
1193,myrtilles
1194,sucre granulé pour la décoration
1195,pommes de terre rousses
1196,haricots rouges
1197,lanières de poitrine de poulet
1198,fromage colby-jack
1199,piments verts doux
1200,maïs crémeux
1201,aloyau
1202,saucisse de campagne au porc
1203,fromage cheddar extra-fort
1204,croquettes de pommes de terre surgelées
1205,assaisonnement pour steak de Montréal
1206,rôti
1207,citrouille
1208,pain français ou italien
1209,sauce marinara
1210,saucisse de porc italienne
1211,persil italien
1212,tapioca perlé à cuisson rapide
1213,sauce au raifort à la crème
1214,garniture fouettée
1215,croûte de craquelin
1216,poudre de cacao
1217,rôti de longe de porc
1218,sauce enchilada verte
1219,tortillas de farine
1220,pommes à tout faire
1221,avoine
1222,son d'avoine
1223,écorce d'orange
1224,sel de conserve
1225,cubes d'écorce de pastèque
1226,piment de la Jamaïque entier
1227,Couvercles et anneaux pour bocaux de conserve de 500 ml
1228,flocons de son
1229,vin de xérès
1230,levure à levée rapide
1231,oignons cipollini
1232,fromage mozzarella à faible teneur en humidité
1233,flocons d'avoine à l'ancienne
1234,poulet entier
1235,piments verts
1236,agneau maigre
1237,jus de tomates
1238,haricots rouges
1239,extrait d'anis
1240,et des pêches
1241,eau de coco
1242,rhum aromatisé à la noix de coco
1243,noix de coco sucrée en flocons
1244,haricot
1245,biscuits
1246,pain de mie blanc
1247,glaçage blanc
1248,chocolat enrobé de bonbons
1249,pommes de terre nouvelles rouges
1250,farine tout usage pour saupoudrer
1251,crème de citron
1252,pois chiches
1253,garniture fouettée congelée
1254,boisson gazeuse aromatisée au citron-lime en onces
1255,fromage de chèvre frais
1256,ray de cuisson
1257,levain
1258,jambon en spirale
1259,soda au gingembre
1260,jus de cornichon sucré
1261,olives vertes farcies au piment
1262,cornichons sucrés
1263,entrée de chili en conserve
1264,dinde maigre
1265,porc maigre
1266,tomates rôties au feu de bois et ail
1267,tomates avec poivrons verts et oignons
1268,et des cerises rouges
1269,piment jalapeño et graines
1270,garniture pour tarte aux pommes
1271,tomates vertes
1272,fromage fondu américain
1273,vinaigrette balsamique
1274,huîtres en coquille
1275,céréales de riz croustillantes
1276,petits pois écossés
1277,fromage manchego
1278,rond
1279,haricots blancs
1280,huile d'amande
1281,mélange à pâtisserie
1282,soda citron-lime
1283,branches de céleri
1284,assaisonnement barbecue
1285,muffins anglais
1286,frites ondulées surgelées
1287,fromage américain blanc
1288,Assaisonnement Old Bay™
1289,grains de poivre noir
1290,concentré de chai
1291,pilons de poulet
1292,sauce au fromage fondu
1293,soupe condensée à la crème de céleri
1294,courge d'été
1295,germes
1296,pêches à noyau libre
1297,une pincée de sel
1298,assaisonnement jerk des Caraïbes
1299,chocolat blanc grossièrement granuleux
1300,blanc d'œuf
1301,sel de mer au goût
1302,pectine de fruits
1303,Gin
1304,expresso infusé ou café fort
1305,garniture pour crème glacée
1306,bière légère
1307,mélange de mayonnaise à la moutarde de Dijon
1308,filet de saumon
1309,cresson alénois
1310,crackers ronds et fins au blé ou crackers originaux
1311,haricots noirs frits
1312,piments verts
1313,coquilles de tostada
1314,guacamole
1315,jeunes pousses de roquette
1316,moutarde de pierre allemande
1317,queues de homard
1318,croûte
1319,garniture au caramel pour crème glacée
1320,papier aluminium antiadhésif
1321,sauce chili
1322,liqueur à l'orange
1323,crème légère sans matières grasses
1324,fromage asiago
1325,fleurettes de brocoli
1326,champignons shiitake
1327,champignons portobello
1328,riz de chou-fleur
1329,tranches de bacon
1330,feuilles de romarin
1331,steak de fer plat
1332,saucisses de dinde maigres pour le petit-déjeuner
1333,piments guajillo
1334,piments ancho
1335,tortilla
1336,et des carottes
1337,sel et poivre blanc au goût
1338,oranges
1339,crème fraîche
1340,pistaches
1341,mélange d'assaisonnement pour crabe et crevettes
1342,pepperoncini
1343,pommes de terre rissolées surgelées à la mode du Sud
1344,préparation pour pouding au chocolat non instantanée
1345,pâte pour une tarte à double croûte de 23 cm
1346,baies congelées
1347,liqueur aromatisée aux baies
1348,spray de cuisson
1349,mélange de cacao au chocolat au lait Swiss Miss
1350,bac à étaler original
1351,lait réduit
1352,biscuits géants au babeurre
1353,garniture fouettée laitière originale
1354,croquettes de pommes de terre surgelées
1355,yaourt aromatisé à la cerise et à la vanille
1356,flocons d'avoine instantanés
1357,pépites de chocolat blanc pour la cuisson
1358,saucisse kielbasa
1359,mini pierogis surgelés
1360,et du poivre noir concassé au goût
1361,sauce au jus
1362,rosbif
1363,gros sel casher
1364,raifort
1365,extrait d'orange
1366,bratwurst
1367,ou des bouteilles de bière
1368,pectine en poudre
1369,steaks de faux-filet
1370,pectine
1371,filets de poisson-chat
1372,panure assaisonnée pour friture de poisson
1373,eau glacée
1374,venaison
1375,poivrons pimentés
1376,pâtes ditalini
1377,pommes de terre - et
1378,olives vertes farcies au piment
1379,porc et haricots
1380,onces de soda au gingembre
1381,onces de jus de canneberge
1382,une once de vodka
1383,céréales de son
1384,sauce au fromage fondu
1385,frites allumettes surgelées
1386,maïs congelé
1387,jambon spiralé
1388,poivre d'Alep
1389,levure à levée rapide
1390,bœuf salé
1391,assaisonnement adobo léger
1392,côtelettes d'agneau
1393,assaisonnement adobo
1394,sauce canard
1395,bouillon de poulet bio
1396,sarriette
1397,sac de transport
1398,prunes des dunes
1399,croûte à tarte profonde
1400,une seule croûte à tarte
1401,croûte à tarte
1402,bouillon de bœuf condensé
1403,pâtes orzo
1404,longe
1405,épices
1406,réglisse noire en forme de lacet
1407,bonbons de maïs
1408,colorant alimentaire orange
1409,vodka
1410,pâtes rigatoni
1411,blanc de poulet
1412,mélange pour vinaigrette ranch
1413,fromage Neufchâtel
1414,cuisses de poulet avec os
1415,légumes californiens surgelés
1416,morceaux de poulet
1417,coquillettes de pâtes
1418,mélange de fromages italiens
1419,Feuille d'aluminium épaisse
1420,feuilles de persil
1421,chou-fleur violet
1422,graines de sésame grillées
1423,assaisonnement à l'aneth
1424,aneth au goût
1425,pâte filo
1426,tequila
1427,mélange de céréales à 5 grains
1428,sirop simple
1429,pâte pour une tarte à croûte unique de 23 cm
1430,Chili
1431,raifort extra-fort
1432,garniture pour tarte aux myrtilles
1433,champignons bruns
1434,macarons
1435,liqueur d'huîtres ouvertes
1436,persil plat italien
1437,brocoli - tiges coupées en morceaux de 2.5 cm
1438,Garnir de pignons de pin grillés
1439,flocons d'agar-agar
1440,capsules
1441,filets de poulet
1442,farine de riz blanc extra-fine
1443,flocons de maïs
1444,assaisonnement créole
1445,farine de riz brun
1446,lait en poudre
1447,Bonbons à la noix de coco et aux amandes enrobés de chocolat
1448,croûte à tarte au chocolat
1449,Garniture pour crème glacée au micro-ondes au fudge
1450,cuisses
1451,ailes de dinde
1452,sauce chili sriracha
1453,mûres
1454,approximativement de l'aneth
1455,feuilles de basilic grossièrement
1456,fromage burrata
1457,croquettes de pommes de terre surgelées
1458,sauce sloppy joe
1459,préparation pour gâteau au chocolat
1460,huile de noix de macadamia
1461,nori
1462,riz blanc
1463,coller
1464,champignons blancs
1465,et du poivre blanc selon votre goût
1466,sauce aux canneberges entières
1467,bavette
1468,petits pains hawaïens
1469,confiture de framboises sans pépins
1470,haricots à la mode du sud-ouest
1471,gaufrettes de cacao rubis
1472,crème de guimauve
1473,colorant alimentaire bleu
1474,colorant alimentaire violet néon
1475,paillettes arc-en-ciel
1476,paillettes jaunes
1477,café
1478,mélange de cacao faible en calories
1479,cubes
1480,lait d'amande non sucré
1481,sirop de chocolat sans sucre
1482,farro perlé
1483,champignons maitake
1484,vin riesling
1485,croûtons assaisonnés
1486,graines de poivron
1487,poivrons en sauce adobo
1488,haricots chili épicés
1489,ou bière brune en bouteille
1490,assaisonnement pour chili à teneur réduite en sodium
1491,chapelure italienne
1492,papier aluminium antiadhésif
1493,bœuf de palette
1494,assaisonnement pour steak
1495,gelée de raisin
1496,rutabagas
1497,piments Hatch
1498,steak porterhouse
1499,attendrisseur de viande
1500,grains de poivre blanc
1501,grains de poivre vert
1502,baies roses
1503,relish de poivrons marinés
1504,poivron orange
1505,vinaigre de riz assaisonné
1506,mandarines
1507,moutarde allemande à la mode de Düsseldorf
1508,purée de pommes de terre
1509,Dinde maigre à 99 %
1510,poivre noir concassé
1511,crackers salés non salés
1512,ragoût de bœuf
1513,crabe des neiges
1514,concentré de root beer
1515,poivre noir concassé
1516,parmesan râpé Dietz Watson
1517,fromage à la crème fouetté
1518,gélatine sans saveur
1519,mélange aromatisé aux fruits
1520,1 lait
1521,salade de crevettes surgelées
1522,peau sur
1523,poules
1524,ficelle
1525,farine de seigle légère
1526,gluten de blé vital
1527,sel casher en flocons
1528,restes de purée de pommes de terre
1529,cupcakes
1530,glaçage
1531,mélange de salade de chou classique
1532,tomates en purée
1533,haricots de Lima miniatures surgelés
1534,maïs sucré congelé
1535,ciboulette ciselée
1536,fromage cheddar vieilli
1537,mélange de fromage cheddar
1538,pommes de terre rissolées
1539,flocons de maïs grossiers
1540,sauce teriyaki
1541,ou bière en bouteille
1542,mangues
1543,piments - à tige
1544,pâte à croissants
1545,tortilla de farine
1546,sauge émiettée
1547,son de blé
1548,jus de cornichon à l'aneth
1549,moutarde épicée
1550,glace
1551,sel fin
1552,glaçage à la vanille
1553,bonbons gélifiés
1554,réglisse rouge
1555,fromage à la crème de Philadelphie
1556,pouding instantané à la vanille Jell-O
1557,garniture fouettée Cool Whip
1558,flocons d'ange de boulangers noix de coco
1559,bacon fumé
1560,haricots romains ou verts
1561,feuilles de menthe
1562,préparation pour gâteau des anges
1563,graines de fenouil
1564,viande d'élan
1565,oignons jaunes
1566,pétoncles de baie
1567,champignons cèpes
1568,côtes de bœuf courtes
1569,abricots
1570,confiture d'abricots
1571,rôti de porc
1572,champignon portobello
1573,Granulés de café instantané
1574,feuilles
1575,pommes de terre crémeuses
1576,assaisonnement zaatar
1577,saucisse du petit-déjeuner
1578,pommes de terre rouges de 30 cm
1579,nouilles aux œufs larges
1580,poivrons rouges grillés
1581,bâtonnet aromatisé au beurre
1582,bacon de dinde
1583,tomate Roma
1584,fromage colby-monterey jack
1585,saumon fumé au poivre
1586,olives
1587,pomme Granny Smith
1588,pâte à biscuits feuilletée
1589,prosciutto
1590,édulcorant sucralose
1591,ailes de poulet congelées
1592,épinards rincés
1593,cœurs d'artichauts marinés
1594,crème de brocoli condensée
1595,fromage feta allégé émietté
1596,assaisonnement piment-citron vert
1597,pain plat de 6 x 13 pouces
1598,piments de árbol
1599,couvercles et anneaux pour bocaux de conserve
1600,boisson gazeuse à la cerise
1601,assortiment de pâtes tricolores
1602,mélange de riz à grains longs et de riz sauvage
1603,tiges et champignons
1604,haricots verts coupés à la française
1605,brioche
1606,pesto de tomates séchées au soleil
1607,pâte feuilletée
1608,fromage pecorino-romano
1609,papier parchemin carré de 6 pouces
1610,garnitures au choix
1611,tomates cerises
1612,maïs doux
1613,fromage pecorino romano
1614,mélange de gélatine aromatisé à la fraise
1615,ou des fraises
1616,demi-poitrines de poulet
1617,graines de sésame
1618,nouilles ramen de n'importe quel goût
1619,oignon doux ou oignon de Vidalia
1620,granulés de bouillon de bœuf
1621,sel à l'ail et poivre au goût
1622,lait de poule
1623,tranches de jarret de bœuf
1624,orge perlée
1625,préparation pour gâteau à la vanille française
1626,farine à gâteau blanchie enrichie
1627,colorant alimentaire rouge ou rose
1628,jarrets de porc
1629,pois à œil noir surgelés
1630,riz basmati
1631,alcool de grain à 95 degrés
1632,crevettes en coquille
1633,beurre de cacahuète onctueux
1634,macaroni coudés de blé entier
1635,préparation pour gâteau velours rouge
1636,préparation pour pouding instantané au goût de gâteau au fromage
1637,moutarde à l'ancienne
1638,de l'agneau
1639,huile de truffe
1640,têtes d'ail
1641,petites saucisses fumées
1642,huîtres
1643,champignons crimini
1644,pruneaux
1645,vivaneau rouge
1646,huile de pépins de raisin
1647,assaisonnement au goût
1648,tranches de charcuterie de jambon fumé au bois de pommier
1649,pain de maïs sucré émietté
1650,pain rassis
1651,chocolat mi-sucré
1652,courge - et coupée en cubes
1653,d'une grenade
1654,repas de gâteau de matza
1655,fécule de pomme de terre
1656,café fort
1657,patate douce
1658,poulet - paré
1659,Muenster
1660,rutabaga
1661,raisins Concord
1662,os de jambon
1663,tomate trop mûre
1664,assaisonnement sazon
1665,pomme de terre au four
1666,piments en sauce adobo
1667,sauce spaghetti végétarienne
1668,sel aux herbes
1669,charcuterie de dinde
1670,cuisses de poulet désossées et sans peau
1671,yaourt allégé
1672,persil pour la garniture
1673,vrais morceaux de bacon
1674,condiment sucré
1675,25 cuillères à café de vanille
1676,miel de tupelo
1677,pépites de chocolat mi-sucré miniatures
1678,feuilles de wonton
1679,pour la friture
1680,liqueur d'orange à base de brandy
1681,bacon poivré
1682,ou du maïs congelé
1683,ou des petits pois surgelés
1684,purée de citrouille en sachet solide
1685,mélange à pain de maïs
1686,fleurettes de brocoli surgelées
1687,sauce chili douce
1688,graines
1689,sauce chili
1690,sirop de maïs foncé
1691,enrobage pour confiseurs de chocolat
1692,compote de pommes
1693,base d'ail
1694,assaisonnement tout usage
1695,sel d'échalote
1696,sauce brune
1697,pulpe de papaye
1698,eau tiède
1699,filet mignon de porc
1700,côtes de dos de bébé
1701,chorizo ​​mexicain
1702,feuilles de coriandre pour la garniture
1703,pâte de gousse de vanille
1704,poussière de lustre et sucres de ponçage verts et violets
1705,mélange de pain de maïs
1706,chili con carne à la dinde
1707,saucisse fumée du Hillshire
1708,pesto au basilic tout prêt
1709,soupe crémeuse à la tomate
1710,feuilles de basilic éparpillées
1711,mayonnaise allégée
1712,carcasse
1713,blanc de dinde
1714,quartiers de cuisse
1715,puces
1716,framboises sucrées congelées
1717,fleurs
1718,bière de type lager
1719,tortilla de maïs
1720,fromage frais
1721,pâtes cheveux d'ange
1722,pâtes farfalle
1723,pâtes
1724,chapelure à l'italienne
1725,sauce tomate à l'ail pour pâtes
1726,gélatine en poudre
1727,liqueur d'orange
1728,tofu extra-ferme
1729,fromage ricotta au lait entier
1730,chapelure maison
1731,fromage pecorino
1732,huile d'olive pour la friture
1733,mélange à farce pour pain aromatisé au poulet
1734,petits pains pour chiens
1735,fromage gorgonzola
1736,pâte à pâtes
1737,farine tout usage pour enrober
1738,feuilles de basilic pour la garniture
1739,vin rouge de cuisine
1740,tomates à l'italienne
1741,petites tomates
1742,pain focaccia
1743,pâtes bucatini
1744,filets d'anchois
1745,riz arborio
1746,ou des petits pains italiens
1747,guanciale
1748,tomates prunes
1749,huile d'olive ou huile de canola
1750,saucisses italiennes douces
1751,fromage gruyère
1752,vinaigrette italienne
1753,pain croustillant
1754,saucisse douce
1755,onces d'eau
1756,os du cou
1757,côtes de porc
1758,insérez une pièce
1759,côte
1760,jarret
1761,persil plat italien
1762,crevettes géantes
1763,vin pinot grigio
1764,baguette française
1765,pignons de pin grillés
1766,côtelettes de longe de porc
1767,assaisonnement à l'italienne
1768,tofu mou
1769,nouilles à lasagnes instantanées
1770,saucisse de dinde italienne
1771,soupe crémeuse aux pommes de terre et à l'ail rôti
1772,pommes de terre à tout usage
1773,haricots blancs cannellini ou autres haricots blancs
1774,bouillon de poulet à faible teneur en sodium en conserve ou en brique
1775,jeunes épinards en vrac
1776,petits pois surgelés
1777,saucisse italienne douce
1778,fromage feta à la tomate et au basilic
1779,graines d'anis
1780,fruits confits
1781,shortening fondu
1782,vermicelles multicolores
1783,ampoules
1784,sucre glace pour enrober
1785,beurre légèrement salé
1786,vermicelles arc-en-ciel
1787,jus de tomates entières
1788,pâtes ziti
1789,farine de pois chiches
1790,saucisse italienne douce
1791,Mozzarella
1792,vin de Bourgogne
1793,rôti d'épaule de porc
1794,cuisses de dinde
1795,onces de liqueur à l'anis
1796,grappa
1797,palourdes dans leur coquille
1798,fleurs
1799,yaourt nature
1800,sucre vanillé
1801,fanes de betterave
1802,feuilles de navet
1803,fromage parmesan reggiano
1804,flocons de piment
1805,salami
1806,safran
1807,bulbe de fenouil
1808,sardines à l'huile
1809,feuilles de fenouil
1810,côtes courtes
1811,brins de romarin
1812,tranches de prosciutto
1813,moitiés de tomates cerises
1814,pain italien
1815,poudre de cacao traitée à la néerlandaise
1816,tortellinis farcis au fromage
1817,brocolis
1818,gousse d'ail
1819,pâtes mostaccioli
1820,salami dur
1821,cuisses de poulet désossées
1822,herbes cantanzaro
1823,fromage fontina
1824,Pâte d'amande
1825,olives italiennes
1826,filet à l'huile
1827,passata
1828,bacon coupé au centre
1829,asperges fines
1830,moitié-moitié gratuit
1831,farine de pois chiches
1832,poivron rouge au goût
1833,polenta
1834,ail rôti
1835,nouilles fettuccine
1836,tapenade
1837,saucisses de dinde
1838,huile de tomates séchées au soleil
1839,panettone
1840,sel gemme
1841,persil à feuilles très plates
1842,baguette
1843,vin sauvignon blanc
1844,anneaux de calamars
1845,moules
1846,saucisses italiennes
1847,fenouil
1848,et les tomates
1849,paleron de bœuf
1850,onces d'huile d'olive extra vierge
1851,champignons de Paris blancs
1852,feuilles de basilic déchirées
1853,steaks de faux-filet de bœuf
1854,filaments de safran
1855,- taillé
1856,tomates italiennes prunes
1857,liqueur de café
1858,une pincée de poivre de Cayenne
1859,sucre blanc granulé
1860,et du sucre glace pour saupoudrer le dessus
1861,crème fouettée pour servir
1862,Brandy
1863,et du colorant alimentaire vert au besoin
1864,Paillettes enrobées selon les besoins
1865,patate douce orange
1866,Parmigiano-Reggiano
1867,à partir d'une orange
1868,Fettuccine au blé entier
1869,allégé en matières grasses
1870,85 % de bœuf maigre
1871,tomates entières San Marzano
1872,bouillon de bœuf
1873,pâtes tagliatelles
1874,½ cuillère à café de poivre de Cayenne
1875,1/2 tasse de cassonade
1876,1 tasse de jus d'orange
1877,1/2 tasse de vinaigre de riz
1878,tomates séchées au soleil conservées dans l'huile
1879,boulettes de viande
1880,crevettes - et déveinées
1881,oignons perlés congelés
1882,bouillon de poulet ou bouillon en conserve à faible teneur en sel
1883,thon à l'huile
1884,sauce pour pâtes
1885,et pepperoni
1886,marmelade d'oranges
1887,pâtes fusilli
1888,pâtes en forme de nœud papillon
1889,gnocchis à longue conservation
1890,sauce Alfredo aux champignons
1891,haricots verts surgelés coupés
1892,fromage végétalien de type parmesan
1893,substitut d'œuf
1894,barre de chocolat
1895,pâtes manicotti
1896,fromage ricotta partiellement écrémé
1897,- coupé en quartiers
1898,fromage provolone affiné
1899,flocons de piment d'Alep
1900,tomates en conserve
1901,liqueur de limoncello
1902,haricots frits sans matières grasses
1903,mélange de fromages mexicains allégés
1904,nopalitos
1905,thym pour la garniture
1906,substitut de bœuf sans viande
1907,chapelure végétalienne
1908,pommes de terre nouvelles
1909,moutarde à grains entiers
1910,pâtes à lasagnes au blé
1911,fromage ricotta allégé
1912,sauce tomate pour pâtes
1913,cœurs
1914,farine pour saupoudrer
1915,semoule de maïs pour saupoudrer
1916,chou - évidé
1917,purée de tomates
1918,onces de crème fouettée épaisse
1919,saucisses de poulet italiennes
1920,sauce Alfredo
1921,escalopes de poulet
1922,fromage romano râpé
1923,basilic en julienne
1924,parmesan râpé
1925,poudre de cacao noir non sucré
1926,ghee
1927,sauce tomate et basilic
1928,eau de pâtes réservée
1929,artichauts entiers
1930,95 d'alcool
1931,roquette - rincée
1932,tomates à l'huile
1933,grains de maïs doux
1934,purée de courge butternut
1935,tiges et graines de poivrons retirées
1936,pancetta ou bacon légèrement fumé
1937,choux de Bruxelles surgelés
1938,parmesan pour gratiner
1939,pâtes campanelle
1940,fleurons de brocoli de 2.5 cm
1941,fromage feta de brebis émietté
1942,pâtes cavatelli
1943,poudre de cèpes
1944,liqueur d'amaretto
1945,feuilles de sauge
1946,farine tout usage pour saupoudrer
1947,parures de porc
1948,bouillon de poulet maison ou à faible teneur en sodium
1949,farine de semoule
1950,tomates basilic
1951,vin doux
1952,tortillas multigrains
1953,spray de cuisson antiadhésif
1954,saucisses italiennes douces
1955,linguine
1956,tomates italiennes
1957,sel de l'Himalaya au goût
1958,bacon épais
1959,pépites de chocolat miniatures
1960,sel et poivre casher
1961,pain à l'ail congelé
1962,boulettes de viande congelées
1963,fromage provolone ou mozzarella
1964,polenta prête à consommer
1965,jus de tomate
1966,Pâte de tomates Heinz
1967,pâtes à lasagnes
1968,pâtes spirales tricolores
1969,mélange de sauce pesto crémeuse
1970,riz carnaroli
1971,cœurs d'artichauts dans l'eau
1972,rhum blanc
1973,tiges de céleri
1974,pain français rassis
1975,pain de maïs émietté
1976,extrait aromatisé au rhum
1977,flocons de piment rouge
1978,feuilles d'épinards entières
1979,poitrine de dinde fumée au mesquite
1980,sauce tomate pour pâtes
1981,sauce traditionnelle du vieux monde
1982,vin de marsala doux
1983,fromage gouda fumé
1984,sauce marinara à la vodka
1985,raisins violets
1986,poivrons rouges grillés en conserve
1987,filets de saumon sans arêtes
1988,tranches de fromage provolone
1989,tranches de dinde de charcuterie
1990,tranches de jambon de charcuterie
1991,tranches de soppressata
1992,mini pepperoni
1993,laitue iceberg
1994,poivrons pepperoncini
1995,lentilles rouges
1996,fromage mozzarella partiellement écrémé
1997,pâtes radiatori
1998,assaisonnement à l'ail et aux herbes
1999,poules de combat
2000,sauce chili calabraise
2001,spaghettini
2002,filets de poitrine
2003,espresso fortement infusé
2004,pain italien rassis
2005,noisettes
2006,saucisse de dinde italienne douce
2007,saucisse italienne
2008,tomates italiennes entières
2009,et des poivrons doux
2010,et les olives de Kalamata
2011,rigatoni
2012,fromage parmigiano-reggiano ou romano
2013,onces d'eau tiède
2014,gros sel marin
2015,mortadelle
2016,choix
2017,spaghettis de blé entier
2018,aubergines violettes non pelées
2019,fromage mozzarella fumé
2020,très d'eau
2021,levure
2022,mélange de farines sans gluten
2023,farine de riz
2024,gomme xanthane
2025,poudre de gélatine sans saveur
2026,champignon
2027,pâtes fettuccine
2028,mélange d'assaisonnements à l'ail et aux herbes
2029,huile au besoin
2030,rouleaux de sous-marin
2031,topinambours
2032,fromage gorgonzola crémeux
2033,pommes de terre nouvelles
2034,piment
2035,liqueur d'anisette
2036,graines d'anis
2037,épinards propres
2038,huile pour la cuisson à la poêle
2039,cœurs de jeunes artichauts
2040,poivron rouge grillé au feu et coupé en julienne
2041,olives vertes
2042,oignon rouge coupé en julienne
2043,piment jalapeño coupé en julienne
2044,poivrons pepperoncini marinés coupés en julienne
2045,jambon de charcuterie
2046,tige
2047,huile de truffe blanche
2048,farine de type 00 à l'italienne
2049,crème sure réduite
2050,gousse d'ail
2051,avocat - coupé en deux
2052,sel en flocons
2053,fleurons de chou-fleur
2054,pâtes en forme de tire-bouchon
2055,saucisse de poulet à l'ail
2056,filets de poulet désossés et sans peau
2057,fettuccine
2058,gnocchi
2059,fromage romano ou parmesan
2060,olives vertes pimentées
2061,coquilles de manicotti
2062,scarole
2063,onces de vin de chablis
2064,sardines
2065,pâte à pizza
2066,veau
2067,bœuf extra maigre
2068,poivrons verts
2069,Crème de cuisson au fromage et aux herbes italienne de Philadelphie
2070,fromage mozzarella Kraft
2071,brocoli-rave
2072,eau bouillante pour les pâtes
2073,farine à pain riche en protéines
2074,tortellini au fromage
2075,mélange à farce pour pain aux herbes
2076,pâte à pizza fine
2077,morceaux d'ananas
2078,pain au levain
2079,lanières de poulet grillées
2080,bacon précuit
2081,paillettes
2082,jarrets de veau
2083,persil plat
2084,liqueur à la framboise d'une once
2085,pain artisanal aux grains entiers
2086,tomates séchées au soleil prêtes à consommer
2087,chapelure non assaisonnée
2088,pommes Granny Smith
2089,figures de mission
2090,rôti d'épaule de porc
2091,fromage romano importé
2092,vin santo
2093,raviolis au fromage surgelés
2094,poireau - coupé dans le sens de la longueur
2095,bouillon de légumes à faible teneur en sodium
2096,graines de citrouille décortiquées
2097,pistaches de Bronte
2098,eau de fleur d'oranger
2099,saucisse de poulet italienne
2100,origan ciselé
2101,crevettes non décortiquées
2102,tomates en conserve
2103,ravioli
2104,tortellinis surgelés fourrés au fromage
2105,raviolis achetés en magasin
2106,aubergines
2107,farine d'arrow-root
2108,sections de jarret de porc
2109,poivron rouge
2110,restes de dinde
2111,jus de dinde
2112,lait tiède
2113,levure compressée
2114,farine à pain forte
2115,purée de tomates prunes
2116,mandrin
2117,homard
2118,pâte à pizza classique
2119,épaule d'agneau désossée
2120,câpres en saumure
2121,polenta à cuisson rapide
2122,sauce marinara épicée au poivron rouge
2123,93 dinde maigre
2124,vin rouge Barolo
2125,et jus de tomates
2126,pâte à pizza
2127,salami de Gênes
2128,lait d'avoine non sucré
2129,moudre
2130,radicchio
2131,gouda fumé végétalien
2132,mozzarella végétalienne
2133,penne rigate
2134,poivre italien
2135,poutargue de mulet sarde
2136,en purée
2137,feuilles de wonton rondes
2138,sauge au goût
2139,noix confites
2140,queue de bœuf
2141,sauce tomate ou purée de tomates
2142,vinaigre de xérès
2143,bouillon de légumes
2144,ricotta salata
2145,sauce tomate en conserve
2146,pâtes tortiglioni
2147,pain complet
2148,raviolis miniatures
2149,fromage ricotta sans matières grasses
2150,sauce pesto
2151,piments bananes
2152,filet
2153,saucisse cotechino
2154,bâtonnets de mozzarella
2155,tubes
2156,chair de crevettes
2157,pesto fait maison ou acheté
2158,1 steak de faux-filet de 30 cm d'épaisseur
2159,pousses de bambou en conserve
2160,champignons en conserve
2161,pois mange-tout
2162,sauce à l'huile pimentée croustillante
2163,gochujang
2164,tiges de coriandre grossièrement coupées
2165,gousses d'anis étoilé
2166,riz au jasmin
2167,pâte de curry rouge thaïlandaise
2168,piments oiseaux
2169,bébé bok choy
2170,basilic thaï
2171,sauce au piment asiatique
2172,carottes coupées en fines allumettes
2173,concombre coupé en fines allumettes
2174,piments jalapeños coupés en fines allumettes
2175,kombu
2176,cacahuètes grillées
2177,farine de maïs
2178,blancs de poulet sans peau
2179,poudre de curry Madras
2180,jus de tamarin
2181,gousses de cardamome
2182,poudre de curry Madras torréfiée
2183,courge gland
2184,pâte de curry rouge
2185,bouillon de légumes à faible teneur en sodium
2186,graines de citrouille grillées
2187,brins
2188,noix de coco râpée grillée
2189,herbe
2190,côtelettes de surlonge de porc
2191,chou de Savoie
2192,sauce tonkatsu
2193,mirin
2194,bambou
2195,cresson taillé et grossièrement haché
2196,nouilles de riz
2197,nouilles udon
2198,piment thaï
2199,viande d'agneau
2200,pois chiches en conserve
2201,noix de coco râpée sucrée
2202,piments œil d'oiseau
2203,basilic thaï doux
2204,pâte de crevettes en morceau de 2.5 cm
2205,poudre de galanga
2206,kimchi
2207,jus de kimchi
2208,épaule de porc
2209,pâte de poivre
2210,tofu
2211,sauce soja claire
2212,ananas en conserve
2213,koshi an
2214,graines de sésame noir grillées
2215,crevettes congelées
2216,tahini
2217,peau de cuisses de poulet avec os
2218,sauce soja à teneur réduite en sodium
2219,pointe de surlonge
2220,haricots verts entiers surgelés
2221,bouillon de bœuf à teneur réduite en sodium
2222,lait de coco léger
2223,pousses de bambou
2224,nouilles de riz mai fun
2225,laitue à feuilles vertes
2226,germes de haricots
2227,cacahuètes salées
2228,graines de sésame blanc
2229,graines de sésame noir
2230,petits pois
2231,citrouille japonaise
2232,feuilles de basilic thaï
2233,feuilles de curry
2234,pâte de gingembre et d'ail
2235,poudre de lait de coco
2236,os de cou de porc
2237,tempeh
2238,haricots longs
2239,Huile de cuisson au piment fort Archer Farms
2240,sucre de palme
2241,pâte de curry
2242,ou des crevettes congelées
2243,légumes coupés
2244,riz blanc à grains longs régulier
2245,edamames congelés dans leur cosse
2246,huile de piment
2247,huile d'olive aromatisée à l'ail
2248,mini-maïs
2249,bok choy - tiges coupées en deux puis en bâtonnets de 35 cm
2250,sauce de poisson asiatique
2251,sauce aux huîtres chinoise
2252,pâte de piment coréenne
2253,flocons de piment rouge coréen
2254,légumes sautés surgelés
2255,sauce aux haricots noirs
2256,haricots azuki
2257,amidon de blé
2258,cuisses de poulet
2259,rouleaux d'emballage
2260,courgettes coupées en deux
2261,chou vert
2262,piments rouges
2263,poivron rouge ou selon votre goût
2264,jarrets d'agneau
2265,poisson swai
2266,sauce barbecue coréenne
2267,pâte de poivre coréenne
2268,épaule de porc désossée
2269,saké
2270,pâte miso foncée
2271,chou taïwanais
2272,poudre de masala tandoori
2273,vin de riz
2274,pâte de piment rouge coréenne
2275,flocons de piment rouge coréen
2276,poulet avec os
2277,capsules
2278,steak de faux-filet de New York
2279,pois mange-tout
2280,pâte de piment à l'ail
2281,bok choy
2282,gousse de cardamome
2283,pâte de gingembre et d'ail
2284,noix de cajou entières grillées
2285,cardamome verte
2286,flocons de piment rouge coréens
2287,crevettes salées et fermentées
2288,ciboulette à l'ail
2289,radis
2290,glutamate monosodique
2291,huile de sésame grillée
2292,mélange de salade de chou
2293,feuilles de pâte à rouleaux de printemps
2294,graines de moutarde noire
2295,coquilles saint-jacques
2296,anchois
2297,flocons de bonite
2298,dashi kombu
2299,pâte de piment rouge
2300,cacahuètes grillées à sec
2301,poitrine de porc
2302,huile d'arachide
2303,sauce soja foncée
2304,limonade pétillante
2305,nouilles lo mein
2306,radis daikon
2307,nouilles soba
2308,spaghettis de blé entier
2309,lait concentré écrémé
2310,bâton de cannelle
2311,surlonge de bœuf
2312,nouilles de cellophane
2313,sel de salaison
2314,dos de porc grossier
2315,enveloppe
2316,aérosol d'huile
2317,riz de chou-fleur
2318,poudre cinq-épices
2319,caviar rouge
2320,gingembre mariné
2321,pâte de wasabi
2322,concentré de tamarin
2323,cresson
2324,pâtes à raviolis rondes
2325,sambal oelek
2326,quartiers de citron vert
2327,mangue
2328,feuilles de moutarde
2329,céleri à tige
2330,feuilles de lumpia
2331,steak de faux-filet de bœuf
2332,algue
2333,graines de coriandre
2334,curry
2335,masoor dhal
2336,sauce teriyaki épaisse
2337,saucisses
2338,farine de riz gluant
2339,amidon ou kinako pour rouler
2340,sel de l'Himalaya
2341,racine de taro
2342,flocons de noix de coco
2343,vermicelles de patate douce
2344,Shichimi Togarashi
2345,steak de surlonge de bœuf désossé
2346,légumes variés
2347,sauce pour sauté
2348,cacahuètes grillées à sec non salées
2349,cuisses de poulet sans peau
2350,moitiés d'abricots
2351,pistaches décortiquées
2352,lait de coco entier
2353,citronnelle
2354,galanga
2355,feuilles de citron vert
2356,nouilles chinoises fines
2357,bifteck de surlonge
2358,foie étalé
2359,pois chiches noirs
2360,poudre d'asafoetida
2361,pâte de tamarin
2362,morceau de racine de gingembre
2363,feuilles de thé de Darjeeling
2364,vin de cuisine
2365,pêches au sirop
2366,égrené
2367,lentilles vertes
2368,mélange d'épices à la thaïlandaise
2369,nouilles ramen au poulet
2370,eau de rose
2371,lait en poudre instantané
2372,nouilles de patate douce
2373,maïs en grains entiers
2374,mayonnaise japonaise
2375,pâte de miso blanche
2376,nouilles coréennes dang myun
2377,oignons coupés en morceaux de 2.5 cm
2378,long
2379,garam masala du Cachemire
2380,gombo
2381,graines de moutarde noire
2382,fenugrec
2383,graines d'ajowan
2384,poudre de curcuma
2385,poudre d'asafoetida
2386,edamames décortiqués congelés
2387,porc désossé
2388,foie de porc
2389,légumes surgelés de style oriental
2390,pommes de terre à peau rouge
2391,riz japonais de style sushi
2392,vin de riz japonais
2393,hon-mirin
2394,quartiers de citron
2395,chutney de coriandre
2396,sauce aux haricots chili
2397,piments rouges
2398,curcuma
2399,sachet de thé
2400,jambes
2401,edamames décortiqués
2402,gros sel
2403,radis daikon blanc
2404,vermicelles de haricots mungo
2405,champignons oreilles de bois
2406,poudre d'achiote
2407,mangues vertes
2408,sushi ou riz à grains moyens
2409,boulgour
2410,jus d'orange pressé
2411,pois de senteur
2412,chorizo ​​de Bilbao
2413,riz gluant sucré
2414,pav bhaji masala
2415,kochujang
2416,bière blonde de style pilsner
2417,graines de sésame blanc grillées
2418,Sriracha
2419,base de sauce mayonnaise
2420,concombre anglais
2421,furikaké
2422,cosses de pois
2423,champignons blancs et crimini
2424,huile de sésame asiatique
2425,feuilles de moutarde lavées
2426,vinaigre de riz japonais
2427,pâte miso jaune
2428,paneer
2429,citronnelle
2430,graines de cumin grillées
2431,tiges d'oignons verts
2432,épaissir la sauce
2433,poudre de piment rouge coréen
2434,noix de cajou non salées
2435,acides aminés de noix de coco
2436,sauce chili thaïlandaise
2437,peau d'ananas
2438,pomme Smith
2439,cardamome noire
2440,poudre de piment rouge du Cachemire
2441,soupe dashi
2442,pois chiches noirs
2443,nèfles
2444,farine de riz gluant
2445,eau glacée
2446,pâte de lotus blanc
2447,nouilles de riz frites croustillantes
2448,stock de dashi
2449,sauce chili douce thaïlandaise
2450,oignons en feuilles
2451,copeaux de bonite
2452,grains d'épeautre
2453,persil grossièrement
2454,coriandre grossière
2455,chou rouge
2456,saumon royal d'Alaska
2457,germes de haricots mungo
2458,morceau de galanga
2459,piments - à tige
2460,piment - à tige
2461,poudre de piment indien
2462,crème épaisse ou crème légère
2463,sauce chili douce thaïlandaise
2464,poudre de curry jaune
2465,poudre de coriandre
2466,huile pour friture
2467,très banane
2468,1/2 tasse de ketchup à la banane
2469,ketchup à la banane réservé
2470,tahini au sésame
2471,aubergines chinoises
2472,chou chinois
2473,fils
2474,vin blanc de cuisine
2475,riz brun en sachet à cuire
2476,quinoa en sachet à cuire
2477,radis
2478,mayonnaise sans œufs
2479,graines de carvi
2480,graines de fenugrec
2481,d'un citron vert
2482,riz blanc cuit à la vapeur
2483,jeune racine de gingembre
2484,Blanc de poulet désossé et sans peau
2485,gousses de tamarin
2486,oignons verts en diagonale
2487,nouilles soba légères
2488,nouilles soba foncées
2489,huile de sésame légère
2490,confiture d'orange
2491,nouilles chow mein
2492,pâtes à gyoza rondes
2493,racine de curcuma
2494,ailes
2495,saumon entier
2496,bâton de cannelle
2497,salsa onctueuse
2498,beurre clarifié
2499,vinaigre blanc ou vinaigre de cidre
2500,poisson blanc
2501,piments du Cachemire
2502,kokum
2503,filet de porc désossé
2504,bouillon de bœuf à faible teneur en sodium
2505,panko
2506,pâte de curry vert
2507,porc maigre désossé
2508,concombre non pelé
2509,pomme rouge
2510,germes de soja en conserve
2511,fleurettes de brocoli cuites à la vapeur
2512,pois cassés jaunes
2513,pulpe de tamarin
2514,lentilles jaunes
2515,noix de coco râpée non sucrée
2516,poudre de piment rouge
2517,vermicelles de riz
2518,vinaigre de vin
2519,consommé de bœuf
2520,rôti de pointe de surlonge désossée
2521,oignons nouveaux
2522,huile de cuisson pour friture
2523,vin de riz chinois
2524,sel rose de salaison
2525,épaule de porc
2526,piments rouges entiers
2527,poudre de curry douce
2528,cacahuètes grillées au miel
2529,pâte de piment et d'ail
2530,granulés de bouillon de poulet instantané
2531,thon à l'huile d'olive
2532,ou des prédictions en papier
2533,feuilles de rouleaux de printemps
2534,légumes sautés surgelés de luxe
2535,poitrine de poulet désossée
2536,yaourt sans matières grasses
2537,pousses de bambou en diagonale
2538,céleri en diagonale
2539,porc de 2.5 cm
2540,poisson blanc maigre
2541,légumes chinois marinés
2542,porc rôti chinois
2543,cerises noires dans l'eau
2544,- peler
2545,mince
2546,papier parchemin
2547,piments verts entiers - épépinés
2548,haricots verts surgelés coupés à la française
2549,vinaigre de riz non assaisonné
2550,feuilles de thé thaï
2551,pâtes à gyozapot rondes
2552,perles de tapioca blanches
2553,feuilles de thé noir
2554,glaçons
2555,Tartinade de fromage à la crème aux ciboulettes et aux oignons
2556,poudre de piment coréen
2557,pâte de soja coréenne
2558,tofu soyeux coréen ou tofu mou
2559,concentré de jus d'orange congelé
2560,fleurons
2561,filets mignons
2562,flocons de piment rouge
2563,blocs de tofu
2564,sauce aux huîtres végétarienne aux champignons
2565,assaisonnement aux champignons
2566,tofu frit
2567,racine de lotus
2568,noix de ginkgo
2569,fleurs de lys
2570,dattes rouges
2571,champignon noir
2572,baies de goji
2573,mousse noire
2574,lait de coco allégé
2575,steak à ragoût de bœuf
2576,6 feuilles de curry
2577,riz sucré
2578,côtes de porc
2579,vinaigre chinois
2580,pointes de surlonge
2581,sauce chili à la thaïlandaise
2582,nouilles à la japonaise
2583,nectar de mangue
2584,beurre de cacahuète croquant
2585,nectar de goyave
2586,sachet d'assaisonnement pour nouilles ramen
2587,nouilles aux œufs chinoises
2588,ragoût d'agneau
2589,escalopes de poulet
2590,pâte de piment asiatique
2591,ailes de poulet géantes
2592,vin de riz doux
2593,coquille de crevettes tigrées
2594,appels d'offres
2595,Nouilles de riz de 35 cm d'épaisseur
2596,poulet désossé
2597,riz blanc gluant
2598,saumon atlantique
2599,mayonnaise sriracha
2600,steaks de surlonge ou de ronde de bœuf désossés
2601,nouilles coréennes à la patate douce
2602,vermicelles de riz
2603,assaisonnement liquide à base de soja
2604,piments rouges thaïlandais
2605,riz à grains courts
2606,noix de cajou salées
2607,filet de bœuf
2608,vinaigre de coco
2609,poudre de rocou
2610,morceaux de poulet découpés
2611,restes de riz
2612,champignons à pied et shiitake
2613,nouilles de riz
2614,grillé
2615,- et
2616,lait en poudre
2617,laitue romaine
2618,coriandre pour la garniture
2619,basilic pour la garniture
2620,menthe pour la garniture
2621,oignon vert pour la garniture
2622,bouillon pho au bœuf
2623,steak de faux-filet congelé
2624,nouilles de riz fines
2625,sauce chili-ail
2626,poudre de chili
2627,sauce brune
2628,anis étoilé
2629,graines de coriandre entières
2630,cosse
2631,huile de carthame
2632,ail grossièrement haché
2633,piments oiseaux
2634,pâte de soja salée
2635,miso blanc
2636,poisson-beurre
2637,sauce chili douce à la thaïlandaise
2638,carottes marinées
2639,radis daikon
2640,homards vivants
2641,acide aminé liquide
2642,fines herbes
2643,paprika hongrois
2644,huile de sésame noir
2645,nouilles ramen au bœuf
2646,surlonge
2647,yaourt au lait entier
2648,sauce au curry masala
2649,côtes levées désossées à la campagne
2650,feuilles de navet
2651,pâte miso
2652,bar
2653,filets de poisson
2654,canard
2655,confiture de prunes
2656,chutney
2657,mélange de légumes asiatiques surgelés
2658,nouilles de riz larges
2659,brocolis en bouchées
2660,steak de faux-filet
2661,sachets d'assaisonnement pour nouilles ramen à la sauce soja
2662,champignons chinois
2663,chou rouge
2664,graines de carambole
2665,chaat masala
2666,huile de moutarde
2667,huile végétale pour friture
2668,gingembre en lamelles
2669,sauce teriyaki à faible teneur en sodium
2670,riz à sushi
2671,porc grillé ou rôti à la chinoise
2672,carottes coupées en allumettes
2673,jicama coupé en allumettes
2674,champignons - pieds et lamelles enlevés
2675,bananes vertes
2676,nouilles de riz plates
2677,feuilles de pissenlit
2678,feuilles de bok choy
2679,rôti d'épaule
2680,pâte de piment thaï
2681,sauce chili sriracha
2682,haricots mungo verts
2683,farine de riz blanc
2684,seitan de poulet
2685,nori grillé
2686,carottes en allumettes
2687,allumettes de radis
2688,moitié-moitié
2689,jus de citron vert ou de citron
2690,piment padi
2691,brocoli chinois
2692,fils de haricots
2693,champignon shiitake
2694,sauce de poisson vietnamienne
2695,pour la friture
2696,steak de surlonge de bœuf
2697,chapelure panko
2698,courge kabocha
2699,confitures d'abricots sans sucre ajouté
2700,nouilles somen
2701,piment de Fresno
2702,pain blanc moelleux
2703,granules de dashi
2704,tofu soyeux
2705,pousses de pois
2706,tranches de gingembre
2707,riz brun instantané
2708,tandoori masala
2709,chana dal
2710,flanc de bœuf
2711,rôti de pointe de bœuf
2712,champignons de paille entiers
2713,gingembre confit
2714,chou bok choy grossièrement haché
2715,gingembre
2716,riz blanc de la veille
2717,haricots mungo
2718,feuilles de bananier
2719,lanières de surlonge de bœuf
2720,pois mange-tout
2721,nouilles de riz épaisses à la vietnamienne
2722,feuilles de laitue déchirées
2723,nouilles chow mein croustillantes
2724,riz gluant noir
2725,salade verte
2726,menthe grossièrement déchirée
2727,coriandre grossièrement déchirée
2728,basilic thaï grossièrement déchiré
2729,crème de coco non sucrée
2730,sauce chili rouge douce
2731,champignons de paille
2732,oignon grossièrement haché
2733,mélange d'épices cajun
2734,asperges
2735,steak de ronde de bœuf finement tranché
2736,mélange tempura
2737,côté
2738,feuilles d'algues
2739,plombages
2740,nouilles de riz larges
2741,bouillon de légumes ou de poulet
2742,feuilles de coriandre ou de persil
2743,beurre de cacahuète crémeux naturel
2744,pâte de curry panang
2745,bouquet de feuilles de basilic thaï
2746,spray pour barbecue
2747,la sauce et marinade pour sauté teriyaki
2748,la sauce soja
2749,riz au jasmin prêt à consommer Bens Original
2750,piments
2751,papaye
2752,saucisses chinoises
2753,papier
2754,soda
2755,varech kombu
2756,germes de soja
2757,peau de demi-poitrines de poulet avec os
2758,huile d'olive légère
2759,vin de riz Shaoxing
2760,poitrine de bœuf
2761,œufs durs
2762,rôti de porc avec os
2763,ananas au jus
2764,piments Anaheim
2765,nouilles de riz de taille moyenne
2766,Lanières de blanc de poulet de 30 cm de large
2767,huile de canola ou d'arachide
2768,amidon de tapioca
2769,sauce à tacos
2770,crème de noix de coco
2771,gousse d'anis
2772,sushi nori
2773,noix de cajou non salées
2774,fromage cotija
2775,épaule de porc désossée
2776,piments chipotle
2777,rouleaux de bolillo
2778,sauce piquante
2779,lait entier concentré non sucré
2780,carne picada
2781,sauce enchilada rouge
2782,croûtes à tarte
2783,vinaigre de vin rouge infusé à la grenade
2784,jus de citron vert pressé
2785,queso asadero
2786,fromage cotija mexicain
2787,Kraft Mexican Four Cheese avec une touche de Philadelphie
2788,Oscar Mayer Bacon
2789,farine d'arepas
2790,poivre d'Anaheim
2791,tomates prunes entières
2792,poudre de piment pasilla
2793,préparation pour muffins au maïs
2794,frites surgelées coupées en steak
2795,salsa moyennement piquante
2796,cayenne
2797,chorizo
2798,tomatillo
2799,fromage cotija émietté
2800,grains de maïs
2801,substitut d'œuf
2802,lait de coco condensé sucré
2803,crème fouettée épaisse sans produits laitiers
2804,salsa au jalapeño
2805,salsa au piment vert
2806,chorizo ​​ou saucisse de porc épicée
2807,sauce tomate mexicaine
2808,fromage cotija ou feta émietté
2809,édulcorant à base de sucralose granulaire
2810,tomates mijotées à la mexicaine
2811,haricots chili
2812,poitrine de poulet
2813,fromage mexicain mélangé
2814,haricots à la ranch
2815,chips tortillas au goût de nachos
2816,galettes
2817,burritos aux haricots et au fromage
2818,crème de poulet condensée ou crème de champignons
2819,rhum à la vanille
2820,plantain
2821,pêche
2822,graines de grenade
2823,fromage de mélange mexicain
2824,farine de maïs
2825,viande de poulet
2826,enveloppes de maïs
2827,mélasse non sulfurée
2828,mélange de chocolat
2829,tomates- jus de citron vert et coriandre
2830,Maïs doux en grains entiers
2831,12 cuillères à café de levure chimique
2832,sauce au goût
2833,plantains
2834,sauce à la mexicaine
2835,pâtes rotini tricolores
2836,maïs à la mexicaine
2837,émiettés surgelés de soja façon burger
2838,haricots frits végétariens
2839,piments jalapeños - épépinés
2840,concombre sans pépins
2841,salsa épaisse et consistante
2842,disques de pâte
2843,pico de gallo
2844,saindoux ou huile d'arachide
2845,culantro
2846,feuilles d'origan sauvage des Caraïbes
2847,ignames
2848,mélange de fromages à la mexicaine
2849,faux-filet maigre ou dinde
2850,poivron rouge ou vert
2851,ou des tortillas de maïs
2852,coupe fine ou traditionnelle 4 fromages mexicains
2853,sauce salsa ou sauce piquante
2854,liqueur aromatisée au café
2855,pépites de chocolat noir
2856,sauce de cuisson mexicaine au piment rouge guajillo
2857,assaisonnement mexicain
2858,salsa verde
2859,haricots frits épicés sans matières grasses
2860,mélange de fromages cheddar et Monterey Jack
2861,origan mexicain
2862,piment serrano
2863,pisco ou autre brandy
2864,germe de blé grillé
2865,margarine légère
2866,plat
2867,fromage fondu à la mexicaine
2868,fromage cheddar allégé
2869,porc effiloché
2870,mélange de riz à l'espagnole
2871,steak de ronde supérieure
2872,bavette de bœuf
2873,ou bière blonde en bouteille
2874,assaisonnement Sazon à la coriandre et au roucou
2875,frites surgelées
2876,sauce au fromage blanc
2877,Je n'arrive pas à croire que ce ne soit pas encore répandu.
2878,poivron vert ou rouge
2879,accompagnements « fiesta » - riz mexicain
2880,coquillages
2881,piments verts grillés au feu
2882,tortillas riches en fibres
2883,tortillas de blé
2884,sauce au fromage nacho
2885,beurre très mou
2886,feuilles d'épazote
2887,chili végétarien
2888,chips de maïs grossières
2889,pâte d'achiote
2890,filets de poisson blanc
2891,poivrons verts - fanes
2892,tomates à la chili
2893,assaisonnement Sazon à l'achiote
2894,de gallo salsa
2895,ronds de pâte
2896,bouquet de coriandre
2897,chipotles en sauce adobo
2898,tortillas de farine de la taille d'un burrito
2899,feuilles de laitue
2900,maïs en grains entiers sans sel ajouté
2901,pommes de terre jaunes
2902,piment rouge
2903,fromage manchego mexicain
2904,cubes de bouillon
2905,farine de maïs
2906,coriandre ferme
2907,piments chipotle
2908,poivrons poblano
2909,crème mexicaine
2910,huile de tournesol
2911,pâte de coing
2912,bouillon de poisson
2913,bouillon de crevettes
2914,sauce tomate à la mexicaine
2915,haricots chili ranch
2916,piments verts entiers
2917,sauce enchilada douce
2918,saucisse chorizo ​​mexicaine
2919,tomates origan et basilic
2920,doublure pour mijoteuse
2921,mélange d'assaisonnement pour fajitas
2922,fromage
2923,maïs blanc
2924,flocons de piment
2925,poivron rouge rôti
2926,œufs durs
2927,haricots frits végétaliens
2928,tortillas végétaliennes
2929,steak ou bavette
2930,eau ou bouillon de poulet
2931,chips de tortillas de maïs
2932,pain blanc complet
2933,queso blanco
2934,poudre de chili du Nouveau-Mexique ou de Californie
2935,olives farcies au piment
2936,enveloppes
2937,pâte de maïs masa
2938,mélange de riz jaune
2939,haricots rouges foncés
2940,riz long grain transformé
2941,pâtes fideo
2942,Filets de maquereau royal - nettoyés
2943,rôti de rumsteck
2944,comprimé de boisson chocolatée
2945,fromage cheddar du sud-ouest Monterey Jack
2946,salsa ou pico de gallo
2947,piments arbol
2948,masa de maïs instantané
2949,orange navel
2950,gros sel pour la finition
2951,quartiers pour servir
2952,salsa chipotle
2953,tomates piments habanero
2954,saucisse de porc épicée
2955,tortillas de maïs
2956,chips tortillas en forme de cuillère
2957,crème sure à la mexicaine
2958,morceaux de caramel pour la cuisson
2959,langue
2960,crème sure végétalienne
2961,croûte à pizza italienne
2962,cœurs de laitue romaine
2963,chips de tortilla émiettées
2964,fromage pepper jack ou monterey jack
2965,hominy
2966,piments pasilla
2967,piments guajillo
2968,piments ancho
2969,piment cascabel
2970,piment morita
2971,cacahuètes non salées
2972,bouillon de dinde
2973,restes de viande de dinde
2974,crème sure allégée
2975,piment
2976,cuisse de chèvre
2977,de arbol
2978,rôti de palette désossé
2979,sauce barbecue chipotle
2980,piments jalapeño
2981,tomate rouge
2982,hominy blanc
2983,sauce enchilada douce en conserve
2984,tranches de piment jalapeño en conserve
2985,fromage Colby
2986,rôti de croupe de bœuf
2987,assaisonnement au piment ancho du sud-ouest
2988,filets de poitrine
2989,huile d'olive extra vierge Goya
2990,poivre adobo
2991,goya sofrito
2992,ail goya
2993,sauce tomate Goya
2994,coriandre et rocou Sazon Goya
2995,Bouillon de bœuf en poudre Goya
2996,poivre noir Goya
2997,piments farcis aux olives espagnoles goya
2998,câpres Goya
2999,riz Canilla à grains extra longs
3000,tempeh épicé
3001,pointe de bœuf
3002,piment
3003,sauce soja au goût
3004,assaisonnement du sud-ouest
3005,jarret de bœuf
3006,chayotes
3007,jalapeños marinés
3008,demi-poitrines de poulet désossées et sans peau
3009,salsa con queso
3010,assaisonnement sazon annato
3011,maïs jaune
3012,coriandre au goût
3013,vin
3014,kit de salade du sud-ouest entièrement naturel
3015,Piments chipotle en sauce adobo
3016,vinaigrette ranch
3017,soupe condensée au poulet et au riz
3018,bananes vertes
3019,bacon croustillant
3020,tomates rouges petites piments verts
3021,produit fromager pasteurisé
3022,tomates en conserve leur jus
3023,onces de bière mexicaine
3024,riz à grains moyens
3025,feuille de laurier
3026,petits pois surgelés
3027,rôti de bœuf
3028,tranche de citrouille
3029,paprika doux
3030,feuilles de coriandre grossièrement
3031,mélange d'assaisonnement pour tacos sans gluten
3032,fromage à la crème aromatisé au jalapeno
3033,assaisonnement pour fajitas de poulet
3034,fromage longhorn ou cheddar
3035,jus de câpres
3036,filets de vivaneau
3037,poivre en sauce adobo
3038,noix de coco râpée pour la décoration
3039,clous de girofle pour la décoration
3040,saucisses
3041,tranches de piment jalapeño
3042,côtes de porc fumées
3043,pieds de porc
3044,saucisse épicée
3045,oreille de porc
3046,queues de cochon
3047,sauce de cuisson chipotle
3048,rôti de bœuf de charcuterie
3049,grains de maïs en conserve
3050,cubes de poulet assaisonnés
3051,sauce au fromage blanc
3052,aji amarillo
3053,côtelettes de porc papillon coupées
3054,olives farcies au piment
3055,sofrito
3056,assaisonnement Sazon à la coriandre et à l'achiote
3057,pâte à empanadas congelée
3058,tomates pour le chili
3059,assaisonnement pour fajitas
3060,soupe de bœuf au chili
3061,riz étuvé
3062,assaisonnement sazon au safran
3063,assaisonnement jerk jamaïcain
3064,racine de manioc
3065,Feuille d'aluminium résistante Reynolds
3066,filets de poulet
3067,sauce chili rouge
3068,maïs blanc sucré
3069,oignon granulé
3070,filets de requin
3071,piment poblano
3072,assaisonnement pour enchiladas rouges
3073,poudre de tomate
3074,fromage d'Oaxaca
3075,chignon
3076,quesadilla au fromage
3077,onces de jus de citron vert
3078,viande de buffle
3079,bouillon d'os de poulet
3080,bouilli sans arêtes
3081,chocolat doux allemand
3082,salsa douce
3083,piments jalapeños marinés
3084,piments verts Hatch rôtis
3085,piments chipotle
3086,Mélange pour salsa fiesta - bien mélanger avant de mesurer
3087,piments guajillo
3088,baies de piment de la Jamaïque
3089,fromage Colby Jack
3090,oignons espagnols
3091,spray de cuisson antiadhésif
3092,mélange de poivrons et d'oignons surgelés
3093,croûtons
3094,mélange de fromage cheddar à la mexicaine
3095,bière mexicaine
3096,ail en bocal
3097,haricots noirs en conserve
3098,steak maigre
3099,mélange d'assaisonnement pour tacos à teneur réduite en sodium
3100,jus de tomates rôties au feu sans sel ajouté
3101,haricots noirs à teneur réduite en sodium
3102,courgettes spiralées
3103,ragoût de porc
3104,piment rouge de arbol
3105,rôti d'épaule de porc avec os
3106,poudre de piment ancho
3107,feuilles de pâte à empanada
3108,palourdes à cou court
3109,clou de girofle
3110,chocolat mexicain
3111,pinole
3112,piloncillo
3113,chou vert
3114,extrait de vanille mexicaine
3115,sucre coloré
3116,épis de maïs
3117,Accompagnements de riz - saveur bœuf
3118,haricots pinto à faible teneur en sodium
3119,crème sure pour la garniture
3120,piments - épépinés
3121,queso fresco mexicain
3122,sauce enchilada au piment vert
3123,jus de tomates rôties au feu
3124,salsa roja
3125,grillé désossé
3126,maïs à la mexicaine - poivrons rouges et verts
3127,piments verts en conserve
3128,poivrons à tige
3129,chips de maïs aromatisées au fromage nacho
3130,trempette au caramel
3131,sirop de chocolat
3132,mélange de légumes surgelé à base de maïs et de haricots noirs
3133,piments du Nouveau-Mexique
3134,tomate prune
3135,laitue ou chou
3136,fromage à la mexicaine
3137,piment jalapeño
3138,base de soupe au poulet
3139,piment chipotle
3140,maïs congelé grillé au feu
3141,piments verts doux en conserve
3142,tomates rôties au feu
3143,fromage chihuahua ou mélange de fromages mexicains
3144,chili sans haricots
3145,granulés de protéines végétales texturées
3146,sauce adobo à base de chipotles en conserve
3147,fumée liquide
3148,fromage blanc végétalien
3149,préparation pour gâteau à l'orange
3150,liqueur triple sec
3151,préparation pour boisson pina colada en bouteille
3152,huile de lin
3153,piments pasilla ou piments goya ancho
3154,ananas Goya
3155,vinaigre blanc Goya
3156,poivre d'une boîte de piments chipotle Goya en sauce adobo
3157,cumin goya
3158,huile végétale Goya
3159,tortillas de maïs Goya
3160,farine de masa
3161,urfa biber
3162,poivre - à tige
3163,champignon bella
3164,piments poblano
3165,maïs grillé ou congelé
3166,Riz au beurre à l'ail aromatisé par l'oncle
3167,piments verts en conserve
3168,fromage au lait de vache infusé à la truffe
3169,lait concentré tiède
3170,poudre de cacao non sucrée traitée à la néerlandaise
3171,13 tasses de sucre
3172,soupe de tomates mexicaine
3173,fromage en grains queijo coalho
3174,maïs en feuilles
3175,assaisonnement citron-herbes sans sel
3176,crème mexicaine
3177,graisse végétale pour friture
3178,et de la rhubarbe
3179,beurre de prune
3180,riz blanc à grains longs converti
3181,jus de choucroute
3182,mélange à pâtisserie tout usage
3183,massepain
3184,fruit
3185,thé noir
3186,marmelade de citron
3187,betteraves en conserve
3188,baies de piment de la Jamaïque entières
3189,poulet à frire ou à bouillir
3190,confiture de fraises
3191,¾ tasse de crème fouettée épaisse
3192,paprika fumé espagnol
3193,viande de bœuf maigre à ragoût
3194,eau du robinet
3195,rôti de ronde inférieure
3196,farine de seigle
3197,vinaigre de malt
3198,miettes de biscuits au gingembre
3199,oignons blancs
3200,pommes Golden Delicious
3201,liqueur de crème irlandaise
3202,bouillon de bœuf non salé
3203,nouilles aux œufs larges
3204,fromage havarti
3205,pomme à cuire
3206,mélange de riz jaune espagnol
3207,assaisonnement sucré et épicé pour fruits de mer
3208,prunes italiennes
3209,oignon espagnol
3210,sucre perlé
3211,eau gazeuse
3212,tranches de salami de Gênes de 14 pouces d'épaisseur
3213,sauce pour pâtes épaisse
3214,mélange de couscous aux tomates et aux lentilles
3215,crème de soja
3216,épices à tarte aux pommes
3217,et des prunes
3218,baies de genièvre
3219,racine de céleri
3220,sarriette d'été
3221,sucre pour saupoudrer
3222,punch suédois à l'arak
3223,soupe de légumes condensée
3224,fromage Colby Longhorn
3225,graines d'aneth
3226,cerises douces
3227,liquide de choucroute
3228,fromage blanc
3229,spaghettis aux épinards
3230,escargot
3231,filet de porc
3232,pas de nouilles extra larges
3233,bavette ou faux-filet
3234,côtes de porc campagnardes
3235,bacon irlandais
3236,bière stout irlandaise
3237,lapin
3238,haricots verts surgelés
3239,farine à mélange rapide
3240,cerises rouges confites
3241,mayonnaise végétalienne
3242,substitut de fromage à la crème végétalien
3243,substitut de bœuf végétarien
3244,fromage de soja de style cheddar
3245,pommes de terre blanches
3246,filaments de safran émiettés
3247,confiture d'airelles
3248,eau gazeuse
3249,mélange d'épices
3250,crêpes surgelées
3251,tarte à double croûte
3252,fromage à la crème léger
3253,yaourt à la vanille allégé
3254,feuilles de chou de Savoie vert foncé
3255,pomme verte
3256,raisins secs
3257,mélange pour sauce aux champignons
3258,rond de bœuf
3259,cornichons en forme de lance
3260,confiture de fruits de n'importe quel parfum
3261,sucre glace pour la décoration
3262,et des cœurs d'artichauts en conserve
3263,crème ou lait
3264,garniture de choucroute ou
3265,garniture au fromage et aux pommes de terre
3266,cornichons
3267,garniture au fudge
3268,mélasse claire
3269,poitrine de bœuf salée
3270,ou une bière stout irlandaise en bouteille
3271,beurre à température ambiante
3272,teinture d'œuf
3273,tiges de céleri du cœur
3274,semoule
3275,garniture pour tarte aux mûres comme
3276,quark
3277,saindoux ou autres aliments
3278,pastèque
3279,levure à gâteau
3280,tranches de bacon
3281,pain de soude
3282,pain rassis
3283,amandes grillées
3284,thé noir infusé
3285,cerises confites
3286,écorces d'agrumes confites
3287,nouilles kluski
3288,saucisse de porc à la sauge
3289,cœurs d'artichauts congelés
3290,haricots de cire
3291,bouillon de poulet à faible teneur en sel
3292,pommes de terre nouvelles entières
3293,80 % de bœuf maigre
3294,graines de carvi entières
3295,choux de tête
3296,estomac de porc
3297,œufs entiers
3298,boîtes de café
3299,mélange pour soupe à l'oignon au bœuf
3300,fromage cheddar allégé
3301,bonbons écorce de fruit
3302,blancs et/ou cuisses de poulet
3303,assaisonnement tout usage adobo poivre
3304,riz jaune
3305,piments fantaisie
3306,piments farcis aux olives manzanilla
3307,salsa de tomates rôties
3308,pommes de terre à chair jaune
3309,steaks de surlonge de qualité supérieure
3310,whisky irlandais
3311,huile d'anis
3312,vermicelles multicolores
3313,fromage fermier
3314,sucre décoratif coloré
3315,fromage fermier
3316,mélange de vinaigrette de style ranch
3317,rondelles de pain
3318,extrait clair de vanille
3319,sachet de sucre vanillé
3320,lutefisk
3321,confiture de cerises
3322,filets d'aiglefin fumés
3323,saucisse fumée kielbasa
3324,polenta ou semoule de maïs jaune
3325,fromage Muenster
3326,beurre à tartiner à l'huile végétale
3327,flocons de céleri
3328,et de la choucroute
3329,galettes de saucisse de porc
3330,galettes de pommes de terre surgelées
3331,vermicelles de bonbon
3332,farine
3333,prunes de prune
3334,beurre fondu et sucre pour la garniture
3335,œuf pour la dorure à l'œuf
3336,nouilles aux œufs de largeur moyenne
3337,poudre d'acide citrique
3338,pain français rassis
3339,mélange instantané pour sauce au poulet
3340,fromage de choix
3341,jambon épais
3342,miel de fleurs sauvages
3343,sucre glace pour saupoudrer
3344,à partir d'un citron
3345,onces de vinaigre de vin rouge
3346,écorces confites
3347,demi-poitrine de poulet désossée
3348,jambon avec os
3349,farine de blé entier sur pierre
3350,navet
3351,côtelettes d'épaule d'agneau
3352,petites pommes de terre jaunes hollandaises
3353,morue salée
3354,14 tasses de beurre non salé
3355,semoule de maïs fine
3356,évasion
3357,haricots noirs fermentés
3358,sauce aux huîtres et aux champignons
3359,sauce tamari
3360,chair de crabe en morceaux
3361,petits pains à sandwich
3362,pois crowder congelés
3363,sel assaisonné au goût
3364,maïs sans sel ajouté
3365,mayonnaise à l'huile d'olive
3366,fromage feta de style méditerranéen
3367,gousses de gombo
3368,nouilles aux œufs sans jaune
3369,beurre doux
3370,fromage cottage crémeux
3371,corn flakes
3372,saucisse de campagne
3373,moutarde au miel et au dijon
3374,bourbon
3375,assaisonnement sans sel à l'ail et aux herbes
3376,ail écrasé
3377,blancs de poulet avec os
3378,de saucisse andouille
3379,pois chiches en conserve
3380,huile selon votre goût
3381,et grossièrement des olives noires de Kalamata ou autres.
3382,jeunes feuilles d'épinards lavées en usine
3383,shortening végétal à température ambiante
3384,beurre fondu pour badigeonner
3385,olives kalamata coupées en deux
3386,olives vertes coupées en deux
3387,copeaux de bois de mesquite
3388,poudre à limer
3389,filets de flet
3390,poudre de bouillon de légumes
3391,piments pepperoncini marinés
3392,poisson-chat
3393,pains à sandwich
3394,tartinade à sandwich de style rémoulade
3395,rondelles de piment banane
3396,queues d'écrevisses congelées
3397,grillé
3398,extrait aromatisé au beurre
3399,joue de porc
3400,boyaux de porc de 1 1/2 pouce de diamètre
3401,matzo farfel
3402,coing
3403,vin de Porto
3404,olives vertes de 30 cm
3405,olives kalamata de 30 cm
3406,pepperoni de 30 cm
3407,céleri de 30 cm
3408,sauce barbecue aromatisée au bois de hickory fumé
3409,sauce à la Louisiane
3410,raisins secs sans pépins Thompson
3411,oignon rouge émincé
3412,jarrets de jambon fumés
3413,sucre à la cannelle
3414,céréales à la cannelle
3415,onces de crème épaisse
3416,fromage au jalapeño
3417,et des queues d'écrevisses entières
3418,pâtes fettuccine
3419,et des crevettes décortiquées
3420,feuilles de vigne
3421,un citron
3422,écureuils
3423,tomates cerises coupées en deux
3424,saucisse chourico
3425,édulcorant granulaire sans calories à base de sucralose
3426,viande de serpent à sonnettes
3427,farine pour paner
3428,pêches fermes
3429,céleri en julienne
3430,cubes de pain rassis
3431,pains
3432,Ébullition de crabes
3433,non pelé
3434,poitrine de veau
3435,salade de chou
3436,vinaigre balsamique blanc
3437,pain de maïs
3438,pain blanc rassis
3439,queues d'écrevisses
3440,gelée de menthe
3441,morceaux de poulet avec os
3442,pâtes penne complètes
3443,steak de faux-filet
3444,graines de tournesol
3445,gombo congelé
3446,ou poivron vert
3447,vinaigrette aux herbes
3448,abats
3449,assaisonnement créole selon votre goût
3450,soda au poivre caféiné
3451,semoule de maïs blanche
3452,poudre
3453,jalapeños
3454,poivrons cireux
3455,saucisse de bœuf fumée
3456,pâte de poivron rouge
3457,poivrons verts ou rouges
3458,écrevisse
3459,pains pita
3460,et de la purée de patates douces
3461,côtelettes d'épaule d'agneau
3462,agneau
3463,sirop doré ou sirop de maïs
3464,mini-coquilles à tartelettes
3465,confiture de fraises
3466,bouillon de poulet à faible teneur en sodium
3467,chou vert - rincé
3468,bouquet de persil
3469,kielbasa
3470,gousses d'ail non pelées
3471,vinaigre de vin rouge ou de riz
3472,pains pita
3473,poivron - évidé
3474,caille
3475,jarret de porc
3476,haricots pinto à l'occidentale
3477,mastic
3478,à température ambiante
3479,eau à température ambiante
3480,farine de maïs bleu
3481,bar
3482,poivre de Cayenne au goût
3483,mélange instantané au chocolat
3484,yaourt grec entier
3485,gaufrettes à la vanille
3486,huile de basilic
3487,semoule de maïs à levure incorporée
3488,couennes de porc
3489,feuilles de raviolis congelées
3490,saucisse andouille à la cajun
3491,écorce de pastèque
3492,- rincé
3493,oignon rouge grossièrement
3494,sel et poivre concassés au goût
3495,perles de tapioca
3496,mélange de thé chai
3497,glace
3498,assaisonnement pour grillades
3499,gaufres surgelées
3500,tranches de fromage cheddar
3501,écrevisses congelées
3502,soupe à la crème de pommes de terre condensée
3503,oignons doux
3504,bouillon de champignons
3505,filets de vivaneau rouge
3506,margarine parve
3507,levure pour machine à pain
3508,sauce tzatziki
3509,Romaine
3510,root beer
3511,jus d'orange sans pulpe
3512,pâtes mafalda
3513,olives vertes italiennes
3514,steaks de filet mignon
3515,sachets de thé de taille standard
3516,poudre de stévia
3517,steaks en cubes
3518,queues
3519,pieds
3520,gâteau
3521,mélange à biscuits
3522,attendrisseur de viande assaisonné
3523,steaks de jambon
3524,riz blanc à grains moyens
3525,sel casher à gros grains
3526,oignons rouges marinés
3527,poudre de gumbo
3528,moutarde brune
3529,gigot d'agneau
3530,fromage cottage fouetté allégé
3531,manioc
3532,poudre de piment chipotle
3533,gruau
3534,rôti de porc à la boston
3535,chair de queue d'écrevisse
3536,lentilles beluga
3537,sauce barbecue aromatisée au fumage de hickory
3538,ou une bouteille de soda diététique au poivre
3539,sauce Worcestershire à teneur réduite en sodium
3540,ou une boisson gazeuse aromatisée au cola en bouteille
3541,vinaigrette grecque
3542,tomates cerises ou raisins
3543,jambon fumé
3544,poisson blanc fumé émietté
3545,crème sure sans matières grasses
3546,Pâte à pain complet pour une double croûte
3547,tartinade à l'extrait de levure
3548,poivre noir fraîchement moulu
3549,biscuits digestifs
3550,petits pains aux œufs ou brioches
3551,paprika espagnol
3552,safran en poudre
3553,maïs hominy blanc ou jaune en conserve
3554,graines de nigelle
3555,ube
3556,lait de coco épais
3557,confitures de fruits sans pépins
3558,haricots de Lima
3559,jus de bœuf
3560,panais
3561,repas de matza
3562,purée de patates douces
3563,de papier parchemin ou ciré
3564,foie de bœuf
3565,poulet fondu
3566,épinards déchirés
3567,crabes dormeurs
3568,pommes de terre bouillies
3569,gousses de cardamome verte
3570,brochette
3571,et du colorant alimentaire jaune
3572,bouillon de bœuf sans matières grasses et à teneur réduite en sodium
3573,noix anglaises
3574,rôti de fesses
3575,pâtes gemelli
3576,jeunes feuilles d'épinards bien fermes
3577,ou des lanières de poivrons verts ou rouges surgelées
3578,feuille de pâte à croissant
3579,chips de cornichons
3580,feta grecque émiettée
3581,rouleaux de la taille d'un slider
3582,pêches à noyau adhérent
3583,poudre de piment doux
3584,paprika doux hongrois
3585,farine de maïs masa harina
3586,garniture de viande hachée
3587,condiments de pickles sucrés de l'Inde
3588,stock de fruits de mer
3589,poisson-lait
3590,feuilles et tiges de cresson
3591,poudre de tamarin
3592,fromage fermier
3593,sauce au poivre ou eau
3594,lentilles trempées
3595,filets de poitrine de poulet
3596,8 portions de pâte à biscuits
3597,colorant alimentaire vert en gel
3598,colorant alimentaire orange en gel
3599,cuit
3600,gombos coupés surgelés
3601,pâte de piment sambal
3602,non ouvert
3603,liqueur à l'anis
3604,truite arc-en-ciel
3605,bouillon de poulet à teneur réduite en sodium
3606,crevettes tigrées
3607,assaisonnement au piment
3608,poivron vert
3609,saucisse italienne émiettée
3610,saucisses fumées
3611,épis de maïs
3612,tomates au jus
3613,graines de citrouille entières
3614,crevettes nettoyées
3615,sauce au poivre selon votre goût
3616,bière blonde mexicaine
3617,oignon blanc grossièrement haché
3618,restes de jambon gras
3619,haricots pinto en conserve
3620,crème fouettée sucrée
3621,assaisonnement pour la cuisson des crabes et des crevettes
3622,steaks de bœuf en cubes
3623,mérou
3624,chow-chow
3625,miel liquide
3626,chips tortillas à saveur ranch
3627,feta émiettée à saveur méditerranéenne
3628,levure à levée rapide
3629,huile d'olive infusée au citron
3630,fromage ricotta salata
3631,bouillon de poulet à teneur réduite en sel
3632,œufs à température ambiante
3633,carrés de papier aluminium
3634,bacon fumé au hickory
3635,gruau à cuisson rapide
3636,cuisse de dinde
3637,saucisse de bœuf
3638,et des prunes coupées en deux
3639,shortening ou bacon
3640,couennes de porc
3641,couronne
3642,tige de céleri
3643,assaisonnement liquide pour crevettes et crabes
3644,cuisses de poulet
3645,jus de citron fraîchement pressé
3646,jarret de porc
3647,chou - lavé
3648,haricots frits piments verts
3649,mûres au sirop
3650,huile de noix
3651,pois mange-tout coupés en deux
3652,mini-maïs coupé en deux
3653,feuilles de menthe approximatives
3654,onces de bourbon du Kentucky
3655,sauce barbecue fumée
3656,poivre assaisonné
3657,ail en poudre persil
3658,sel épicé
3659,pâte filo congelée
3660,mirlitons
3661,chapelure pour la garniture
3662,crevettes roses de Key West
3663,queues de langouste
3664,lentilles vertes françaises
3665,flocons de piment
3666,croûte de biscuits Graham
3667,soupe condensée à la crème de crevettes
3668,chapelure panko sans gluten
3669,poisson-lait entier
3670,calamansi
3671,jambon tasso
3672,kikkoman ponzu citron vert
3673,relish de cornichons
3674,chapelure panko Kikkoman
3675,épinards à peu près
3676,fromage kasseri
3677,houmous à l'ail
3678,crème de table
3679,jus de tomates
3680,peler
3681,chocolat mi-sucré râpé
3682,fromage halloumi
3683,graisses de bœuf ou de bacon
3684,œuf pasteurisé
3685,flocons de piment rouge au goût
3686,riz blanc à grains longs étuvés
3687,piments chipotle en conserve dans une sauce adobo
3688,sauce adobo
3689,steaks de surlonge
3690,gigot d'agneau
3691,bouillon de poulet ou d'agneau
3692,jambon salé
3693,café noir fort
3694,laitue romaine déchirée
3695,une pincée de sel
3696,poivron jaune
3697,poivre noir et sel
3698,grossièrement
3699,graisse de bacon ou shortening
3700,flocons de purée de pommes de terre
3701,moutarde créole
3702,filets de mérou
3703,onces de whisky
3704,gruau régulier
3705,crevettes colossales
3706,romarin pour la garniture
3707,coquille de tarte
3708,bout
3709,vin rouge de table
3710,fumée liquide aromatisée au hickory
3711,boyaux de porc
3712,charbon de bois
3713,bois
3714,Mélange de nouilles au poulet - sec
3715,mélange d'assaisonnement à saveur de mesquite
3716,sel assaisonné sans glutamate monosodique
3717,hominy en conserve
3718,épices entières pour marinades
3719,poudre de wasabi
3720,saumure de cornichons
3721,sel fin de table
3722,sauce chili chipotle en bouteille
3723,gelée de groseilles rouges
3724,noix de pécan entières
3725,feuille de fenouil
3726,faux-filet de bœuf désossé
3727,rôti de porc désossé
3728,croûtes à tarte de 23 cm
3729,Coques à tarte de 8 pouces
3730,crabe
3731,crevettes à salade
3732,bouillon de poulet assaisonné
3733,cuisse confite
3734,haricots tarbais
3735,épaule ou côtelette de porc
3736,saucisses de Toulouse
3737,kiwis
3738,fromage Jarlsberg
3739,garniture
3740,farine enrichie
3741,moitiés de noix
3742,côtelettes de poitrine
3743,boulettes de bœuf
3744,larges nouilles au blanc d'œuf
3745,poires fermes
3746,sachets de thé
3747,base de poulet à faible teneur en sodium
3748,tranches de pain brioché
3749,whisky bourbon de bonne qualité
3750,pâte à tarte prête à l'emploi
3751,70 chocolats noirs
3752,bâtonnets de fromage
3753,pulpe de jus d'orange
3754,miettes de céréales cornflakes
3755,pomme douce
3756,onces de cidre de pomme fort
3757,champignons sauvages assortis
3758,cognac ou brandy
3759,vinaigre de champagne ou vinaigre de vin blanc
3760,crème fraîche
3761,cabernet sauvignon ou autre vin rouge
3762,peau de cuisses de poulet
3763,haricots verts ou jeunes haricots verts tendres
3764,laitue Bibb
3765,œuf dur
3766,de délicieuses pommes
3767,fromage parmesan-reggiano
3768,vermouth
3769,sirop aromatisé à la vanille
3770,dijon
3771,céleri grossièrement
3772,carotte grossièrement hachée
3773,liqueur à l'anis
3774,Cognac
3775,morilles
3776,champignons bruns de Paris
3777,vin rouge corsé
3778,fleurs de lavande
3779,et des noix de macadamia grillées
3780,café instantané en poudre
3781,vin merlot
3782,bœuf demi-glace
3783,rond de bœuf
3784,glace à la vanille
3785,fromage Comté
3786,eau glacée
3787,bacon fumé au hickory coupé épais
3788,pâte feuilletée congelée
3789,baies
3790,viande de bœuf à ragoût bien persillée
3791,carré d'étamine
3792,pomme de terre de l'Idaho
3793,haricots verts coupés à la française
3794,pour une tarte à croûte simple de 9 pouces
3795,herbes pour la garniture
3796,chocolat à pâtisser mi-sucré
3797,filets de truite arc-en-ciel sans peau
3798,coquilles de pâte
3799,ou des framboises congelées
3800,sauce aux canneberges
3801,feta aux herbes et à l'ail
3802,assaisonnement pour steak à la montréalaise
3803,bacon en tranches épaisses
3804,saucisses en forme de maillons
3805,cuisse de canard confite
3806,tranches de pain français
3807,piment de Fresno
3808,croûte à tarte épaisse
3809,cerfeuil
3810,gousse de vanille
3811,fromage pecorino truffé
3812,fromage suisse de charcuterie
3813,sauce au chocolat
3814,mélange pour soupe à l'oignon française
3815,fromage camembert
3816,chapelure
3817,haricots blancs ou cannellini
3818,nettoyé sentait
3819,crème fraîche ou crème épaisse
3820,coquilles à tarte
3821,citron confit
3822,vinaigre de champagne
3823,filets de saumon rouge
3824,colorant alimentaire en gel
3825,pain rustique
3826,tranches de pain français au levain rassis
3827,et échalote
3828,fleurs pour la garniture
3829,roquette coupée
3830,grains de poivre noir grossièrement concassés
3831,1 steak de filet mignon de 12 pouces d'épaisseur
3832,extrait de vanille artificielle double concentration
3833,tranches de pain grillé texan légèrement rassis
3834,croûtons assaisonnés à l'italienne
3835,échalotes très fines
3836,bacon - et émietté
3837,champignons grossièrement
3838,sucre selon les besoins
3839,blancs à température ambiante
3840,canne de Noël
3841,doux
3842,tranches de fromage havarti
3843,jambon au miel
3844,barre de chocolat
3845,farine tout usage biologique
3846,pâte à pain française
3847,vinaigre d'estragon
3848,pâte à tartiner chocolat-noisette
3849,confiture de framboises tous fruits
3850,moules à lèvres vertes
3851,des penne ou d'autres pâtes de votre choix
3852,noix de muscade au goût
3853,pommes de terre rousses entières
3854,huile végétale résistante aux hautes températures
3855,endive frisée
3856,demi-glace
3857,moitiés de poitrine
3858,marmelade d'oranges de Séville
3859,canard réservé
3860,pâte pour une seule croûte à tarte de 23 cm
3861,kirsch
3862,escargots
3863,fromage reblochon
3864,pâte à tarte
3865,moutarde de Dijon à l'estragon
3866,paleron de bœuf désossé
3867,bouillon de bœuf maison
3868,frites ondulées
3869,fromage en grains
3870,petites pommes de terre Yukon Gold
3871,cognac à l'orange
3872,poivre de Cayenne ou poivre blanc selon votre goût
3873,farine d'avoine sans gluten
3874,levure chimique sans gluten
3875,moitiés de poire
3876,asperges blanches
3877,desserts glacés
3878,sucres
3879,viande à ragoût
3880,oignons en conserve
3881,croissants au chocolat de la veille
3882,filets de filet mignon
3883,carrés de 15 cm de pâte feuilletée surgelée
3884,lait écrémé instantané
3885,tranches de pain blanc
3886,beurre non salé glacé
3887,filets ou lanières de poitrine de poulet
3888,croûte à tarte de 23 cm
3889,crème fouettée légère
3890,œuf entier
3891,et de l'huile d'olive aromatisée à l'ail pour badigeonner
3892,sucre de canne évaporé
3893,jambes cuisses
3894,papier parchemin de 12 x 18 pouces
3895,eau-de-vie de pomme
3896,pommes sucrées
3897,sucre blanc pour la décoration
3898,gelée d'abricot
3899,pleurotes
3900,oignon grossier
3901,poudre de malt
3902,gluten
3903,cuisses de canard laqué
3904,canard rendu
3905,chaîne
3906,vin de Porto doux
3907,jus de mûre
3908,sucre blanc granulé
3909,beurre non salé de style européen
3910,gros sel de mer au goût
3911,coquilles de pâte feuilletée congelées
3912,sucre turbinado
3913,ou des mûres congelées
3914,liqueur au chocolat
3915,framboises pour la garniture
3916,cerises acidulées en conserve
3917,huile végétale en pot
3918,12 pots de yaourt au sucre blanc
3919,34 pots de yaourt et farine tout usage
3920,farine grillée
3921,chapelure moelleuse
3922,café instantané
3923,fromage gruyère
3924,tranches de jambon de la Forêt-Noire
3925,feuilles d'estragon
3926,réduction d'estragon et de vinaigre
3927,beurre composé aux câpres et à l'estragon
3928,et du poivre de Cayenne selon votre goût
3929,cire d'abeille
3930,pâte à pâtisserie sucrée
3931,haricots verts - rincés
3932,haricots verts fins à la française
3933,moutarde de Dijon à gros grains
3934,tapenade d'olives noires
3935,baguette française de 45 cm
3936,de pain français
3937,bûche de fromage de chèvre
3938,haricot rouge
3939,olives niçoises
3940,soupe condensée aux champignons dorés
3941,poudre de cacao sucrée
3942,poires évidées
3943,fromage brie la croûte
3944,farine d'épeautre
3945,jus de saucisse
3946,ciboulette ou persil pour la garniture
3947,farine de sarrasin
3948,et un vin rouge corsé
3949,sous-cène
3950,rôti d'épaule de veau
3951,os de veau
3952,jambon maigre
3953,et aubergines
3954,vin pinot noir
3955,filets mignons de porc
3956,vinaigrette de Dijon
3957,rectangles de pâte
3958,pluots
3959,pain challah
3960,fromage reblochon ou autre
3961,poudre de cacao pour saupoudrer
3962,chutney à la mangue
3963,moutarde brune granuleuse
3964,coquille de pâte
3965,mélange d'assaisonnement sans sel
3966,carottes miniatures coupées en deux
3967,escargots hélix
3968,pépites de chocolat mi-sucré
3969,sherry fino
3970,sauce Worcestershire végétalienne
3971,croûte de parmesan
3972,tranches de baguette
3973,coquilles Saint-Jacques allant au four
3974,parmesan ou romano
3975,veau
3976,onces de vin blanc
3977,beurre non salé congelé
3978,cristaux de sucre grossiers
3979,cuisse de canard
3980,bacon gras
3981,pistaches entières décortiquées
3982,chocolat amer
3983,laitue frisée
3984,assaisonnement liquide pour poulet
3985,pâte pour tarte à double croûte
3986,riz rouge
3987,bière légère ou vin blanc
3988,pommes acidulées
3989,glaçage pour petits fours
3990,foie de dinde
3991,pâte à tarte congelée
3992,crackers ronds
3993,Gigot d'agneau désossé
3994,berbéris
3995,eau bouillante pour couvrir
3996,spaghettis cassés
3997,citron vert persan
3998,riz basmati à grains longs
3999,bouquet d'aneth
4000,bouquet de ciboulette
4001,pain lavash
4002,tiges d'ail de printemps
4003,miel clair
4004,raviolis au bœuf
4005,écorché
4006,patate dorée
4007,miel de fleur d'oranger
4008,brins de menthe
4009,concombre à graines
4010,poudre de piment rouge
4011,kasha
4012,herbes
4013,pomme de terre rouge non pelée
4014,aubergines italiennes
4015,côtes d'agneau
4016,harissa
4017,zaatar
4018,poches de pain
4019,advieh
4020,mélasse de grenade
4021,boulgour fin
4022,flocons de piment d'Alep
4023,fèves
4024,pâte de tomates à saveur italienne
4025,riz blanc basmati
4026,haricots de Lima surgelés
4027,cumin au goût
4028,riz basmati Sella
4029,eau filtrée ou de source
4030,merguez ou saucisse italienne épicée
4031,feuilles de persil fermes
4032,sumac
4033,sauce zhug
4034,artichauts
4035,tomates séchées au soleil marinées
4036,bouillon de poulet ou de bœuf
4037,jus de tomates prunes entières
4038,piment jalapeño mariné
4039,sauce zhoug
4040,poivrons rouges et jaunes grillés au feu
4041,épaule d'agneau
4042,pistaches décortiquées non salées
4043,grenade
4044,blé concassé
4045,pistaches décortiquées
4046,eau de fleur d'oranger
4047,graines de cardamome
4048,poudre de sumac
4049,fromage feta au lait de brebis
4050,pâtes vermicelles
4051,colorant alimentaire rose
4052,extrait aromatisé à la cardamome
4053,pistaches non salées
4054,pétales de rose
4055,graines de chanvre
4056,eau de rose
4057,poudre de chaux entière
4058,riz basmati non rincé
4059,cumin noir
4060,tomates San Marzano
4061,hawaïen
4062,pois chiches rincés
4063,noix pour la décoration
4064,sirop de grenade
4065,à peu près des noix
4066,eau - 110 degrés Fahrenheit
4067,eau de fleur d'oranger
4068,pâte phyllo congelée
4069,jus de grenade
4070,sachets de thé pekoe
4071,graines d'anis entières
4072,poudre de graines d'anis
4073,pains naan
4074,tranches d'oignon rouge
4075,boulgour
4076,safran émietté
4077,nouilles grillées
4078,semoule de blé dur
4079,moitiés d'amandes
4080,persil ciselé
4081,betterave
4082,pâte de piment
4083,agneau désossé
4084,poivre concassé
4085,bottes de feuilles de blettes
4086,épinards entiers congelés
4087,aliments de substitution au bœuf sans viande
4088,tzatziki
4089,sucre blanc en morceaux chinois
4090,boutons de rose
4091,pétales de rose de Damas
4092,huile pour le gril
4093,vinaigre de vin rouge ou blanc
4094,yaourt grec au lait entier
4095,flocons de piment rouge d'Alep
4096,brochettes en métal
4097,poudre de safran
4098,levure à levée rapide
4099,mahleb
4100,yaourt ou crème aigre
4101,freekeh
4102,jus de citron filtré
4103,paprika fort
4104,loomi
4105,sein
4106,riz basmati brun
4107,amandes décortiquées
4108,étamine
4109,yaourt à la grecque
4110,Sauce tomate sans sel ajouté
4111,saumure de citron confit
4112,dukkah
4113,filets de poulet
4114,poches pita
4115,mahlab
4116,pâte de dattes
4117,ou des brochettes en métal
4118,eau ou selon les besoins
4119,nouilles fideo
4120,riz au safran jaune
4121,feuilles de menthe très fines
4122,courge butternut spiralée
4123,mélange d'épices marocain
4124,amandes effilées
4125,filets de cabillaud sans peau
4126,orge
4127,boulgour grossier
4128,poulet
4129,crevettes en carapace
4130,tranches d'ananas dans 100 jus
4131,poivre - coupé en deux dans le sens de la longueur
4132,rhum à 75.5 degrés
4133,haricots noirs assaisonnés à la mexicaine
4134,bouillon de poulet ou eau
4135,à partir d'une livre de crevettes
4136,tomates entières à l'italienne
4137,piment bonnet
4138,moutarde brune épicée
4139,tranches de cornichons
4140,fromage edam
4141,piment bonnet
4142,bouillon
4143,brunissement
4144,onces de rhum
4145,filets de mahi
4146,pâte de jerk
4147,ragoût de chèvre
4148,fleurs comestibles
4149,rôti de bœuf
4150,piment bonnet
4151,rhum noir
4152,concentré de jus d'orange
4153,rancho adobo sazon criollo
4154,sazon liquide
4155,fèves en conserve
4156,poudre d'oignon au goût
4157,rôti de pointe de surlonge de bœuf
4158,feuilles d'amarante
4159,bœuf salé
4160,sauce jerk
4161,pâte à pizza fine précuite
4162,pain cubain
4163,bananes trop mûres écrasées
4164,semé
4165,olives vertes farcies
4166,crème sucrée de noix de coco
4167,noix de coco râpée
4168,jus d'ananas non sucré
4169,rhum épicé
4170,sauce marinade teriyaki
4171,12 tasses d'eau
4172,sucanat
4173,menthe verte
4174,manioc
4175,piments bonnet
4176,manioc congelé
4177,bourgeons d'oseille rouge
4178,sucré
4179,sommités de céleri
4180,Blanc de poulet en morceaux
4181,poivre de Habanero
4182,mini poivrons
4183,poudre de rocou ou de roucou
4184,et citrouille
4185,jus de tomates entières
4186,farine de millet
4187,saucisses
4188,basilic doux
4189,et des crevettes de roche déveinées
4190,Filets d'églefin - coupés en morceaux
4191,Brocolis au fromage à cuire au micro-ondes
4192,riz à grains courts
4193,zeste de citron vert
4194,lait concentré
4195,assaisonnement cajun ou créole
4196,vin de xérès ou marsala
4197,flocons de noix de coco sucrés
4198,noix de macadamia grillées à sec
4199,chutney de mangue ordinaire
4200,sauce à la mangue
4201,jus de pamplemousse rose
4202,nectarine
4203,chou frisé lacinato
4204,vin sec
4205,queues de bœuf
4206,assaisonnement sazon style Miami
4207,rôti de bœuf à la ronde
4208,saucisse chorize
4209,piment jalapeño
4210,bananes plantains vertes
4211,viande de conque
4212,stock de poisson
4213,jus de pamplemousse
4214,assaisonnement jerk
4215,biscuits au gingembre
4216,noix de coco grillée
4217,baie
4218,soupe aux haricots noirs
4219,petits pois
4220,vinaigre distillé
4221,Feuille d'aluminium résistante
4222,tomates habanero
4223,crème fraîche et persil
4224,bananes plantains jaunes
4225,bananes plantains noires
4226,huîtres ouvertes
4227,tiges d'oignons verts
4228,marinade jerk
4229,farine de maïs à base de pierres
4230,zeste d'un citron vert
4231,bouillon de poulet en poudre Goya
4232,sazon goya azafran
4233,Goya Alcaparrado
4234,piments fantaisie goya
4235,petits pois surgelés Goya
4236,queue de cochon salée
4237,crabes
4238,steak de faux-filet de York
4239,tripes de bœuf
4240,piments
4241,jus d'orange amère
4242,poivrons d'Anaheim
4243,sauce habanero
4244,poudre de curry jamaïcaine
4245,piment scotch bonnet
4246,piments bonnet
4247,miettes de gaufrettes à la vanille
4248,zeste de citron vert
4249,pectine de fruits en poudre
4250,bacon à teneur réduite en sodium
4251,poisson entier
4252,jeunes épinards et carottes
4253,sardines à l'huile de soja
4254,sucre pour la décoration
4255,millet
4256,cube de bouillon
4257,onces de rhum brun
4258,champignons grillés au beurre
4259,côtes de porc désossées à la campagne
4260,saucisse chorizo ​​espagnole
4261,bouillon aromatisé aux champignons noirs
4262,bouillon assaisonné
4263,coriandre et achiote de Sazon
4264,huile de maïs pour la friture
4265,patates douces blanches
4266,beurre pour graisser
4267,vinaigre de vin rouge
4268,groseilles ou raisins secs
4269,double croûte à tarte
4270,fécule de maïs dissoute dans
4271,bouillon de poulet maison ou bouillon en conserve à faible teneur en sodium
4272,pâte de tomates séchées au soleil
4273,pâte de harissa
4274,feuilles de persil plates et tiges plus fines
4275,feuilles de coriandre et tiges plus fines
4276,bouillon de poulet à faible teneur en sodium
4277,bandes pelables
4278,aux piments rouges
4279,graines de cumin grossièrement concassées
4280,coriandre grossière
4281,purée de citrouille
4282,sauce tahini
4283,citrouille sucrée
4284,piments doux
4285,ras el hanout
4286,steak de bœuf tri-tip
4287,bouillon de légumes bio
4288,poudre de Cayenne
4289,bouillon de bœuf biologique
4290,bouillon de poulet bio
4291,attieke
4292,bouillon de crevettes
4293,assaisonnement soul food
4294,sucre blanc fin
4295,piments œil d'oiseau
4296,peau des cuisses
4297,gari
4298,lentilles brun foncé
4299,mélange d'épices ras el hanout
4300,riz basmati blanc
4301,couscous israélien
4302,maquereau à la sauce tomate
4303,fèves décortiquées
4304,céréale
4305,feuilles de pâte feuilletée surgelées
4306,compote de figues
4307,mélange d'épices berbère
4308,pain grillé texan à tranches épaisses
4309,haricots de sucre tachetés
4310,épaule de bœuf avec os
4311,mélange pour soupe de queue de bœuf
4312,couscous de blé entier
4313,pois cassés verts
4314,poudre de vanille
4315,assaisonnement berbère
4316,vin blanc doux
4317,et carotte
4318,et navet
4319,racines
4320,farine de semoule grossière
4321,ail éléphant
4322,beurre de cacahuète non salé de style naturel
4323,sel marin en flocons
4324,gingembre coupé en allumettes
4325,vermicelles de 30 cm de long
4326,riz égyptien
4327,farine de tapioca
4328,champignons portobello miniatures
4329,paprika doux fumé
4330,raisins secs sans pépins
4331,vermicelle
4332,abricots coupés en deux
4333,cuisses de poulet sans peau
4334,bouillon de légumes
4335,beurre de cacahuète extra croquant
4336,tripes de bœuf en nid d'abeille
4337,niter kibbeh
4338,berbère
4339,sel casher fin
4340,feuilles et tiges de coriandre
4341,injera
4342,poivre jaune africain
4343,Poisson pompano doré
4344,huile de palme
4345,farine de teff blanche
4346,farine de teff brune
4347,coriandre approximative
4348,steak rond de bœuf
4349,granulés de bouillon de tomates et de poulet
4350,concentré de bouillon de bœuf
4351,raisins noirs
4352,sucre semoule ou sucre extra-fin
4353,oignon des Bermudes
4354,vin rosé
4355,bas
4356,bouquet de tiges et de feuilles de coriandre
4357,côtelettes de poitrine d'agneau ou de mouton
4358,assaisonnement berbère éthiopien
4359,kibbeh éthiopien
4360,jus de tomates sans sel ajouté
4361,rouge
4362,zeste d'une orange
4363,pois chiches à faible teneur en sodium
4364,pâtes à tarte pour une tarte à double croûte
4365,poisson-beurre salé
4366,sel marin hawaïen
4367,feuilles de taro
4368,graines d'achiote
4369,pois d'Angole
4370,riz calrose
4371,sauce soja légère
4372,viande de déjeuner en conserve à faible teneur en sodium
4373,algues grillées et assaisonnées
4374,assortiment de poulet comme des blancs de poulet
4375,saucisse de porc sucrée chinoise
4376,oseille
4377,complètement fou
4378,noix de coco sucrée
4379,xylitol
4380,farine de graines de lin
4381,beurre de crème douce non salé
4382,et de la purée de patates douces violettes japonaises
4383,poivrons verts et rouges
4384,confitures d'ananas
4385,sauce à steak
4386,poulets
4387,congelé déveiné
4388,petits pains - coupés en deux et grillés
4389,feuilles - rincées et
4390,queue de bœuf charnue
4391,shoyu
4392,feuilles de moutarde chinoises
4393,poi
4394,colorant alimentaire violet
4395,soda au citron
4396,poulets à frire
4397,filet mignon de porc maigre
4398,bacon fumé en tranches
4399,mochiko
4400,ulu
4401,sucre selon votre goût
4402,feuilles de wonton carrées
4403,fraises entières
4404,oignon doux de Maui
4405,ragoût de bœuf
4406,kiwi
4407,spam en tranches de 14 pouces d'épaisseur
4408,sauce brune
4409,assaisonnement au citron et au poivre
4410,bière blonde
4411,et mangue
4412,marinade hawaïenne
4413,vinaigrette mille-îles
4414,mélange de jus d'ananas et d'orange
4415,moutarde au miel
4416,noix de macadamia
4417,flocons de noix de coco non sucrés
4418,raisins verts sans pépins
4419,aji nori furikake
4420,tobiko
4421,kamaboko
4422,algues coréennes assaisonnées
4423,pain plat
4424,steak de jambon tranché
4425,jus de morceaux d'ananas
4426,et de la purée de citrouille
4427,mélange pour soupe de nouilles au poulet
4428,confiture ou conserve d'abricots
4429,purée de banane
4430,haricots verts coupés en morceaux de 2.5 cm
4431,desséché
4432,jus de mangue
4433,noix de macadamia grillées
4434,salsa à la mangue
4435,kiwi
4436,poudre de pétales de rose
4437,extrait de rose
4438,brioches sucrées hawaïennes
4439,fruits
4440,jus de citron vert pressé et pulpe
4441,pâte à petits pains surgelée
4442,rondelles d'ananas dans du jus
4443,vermicelles multicolores
4444,poudre à crème anglaise
4445,lait écrémé en poudre
4446,poules de Cornouailles
4447,cuisse de dinde
4448,grillé et amandes
4449,filet de porc maigre et désossé
4450,poire Bosc
4451,raisins rouges sans pépins coupés en deux
4452,choucroute graines de carvi
4453,bouillon de poulet bouillant
4454,steaks de thon ahi
4455,ou piment serrano
4456,sel et poivre concassé au goût
4457,verts
4458,ou tomates cerises
4459,niçoise
4460,brins de cerfeuil
4461,viande de porc
4462,mélange de riz et de vermicelles aromatisé au poulet
4463,vinaigre de framboise
4464,steak rond désossé
4465,brins de coriandre
4466,miettes de cornflakes
4467,filets de morue charbonnière
4468,filets de morue-lingue
4469,farine d'orge
4470,farine de soja
4471,tempeh aux trois céréales
4472,pâtes ramen
4473,mélange pour croûte à tarte
4474,bière de style allemand
4475,à partir de 2 citrons
4476,tiges d'asperges
4477,nouilles aux œufs fines
4478,mini saucisses cocktail
4479,spray de cuisson antiadhésif original
4480,nouilles aux œufs extra-larges
4481,légumes surgelés du sud-ouest
4482,tomates originales piments verts
4483,raisins sans pépins
4484,fleurettes de chou-fleur de la taille d'une bouchée
4485,côtes de céleri
4486,haricots rouges en conserve
4487,huile de graines de tournesol
4488,poulet désossé
4489,asperges à tige épaisse
4490,poires Bartlett
4491,confiture de mûres
4492,céréales d'avoine grillées
4493,assaisonnement liquide Maggi
4494,sauce au poivre à base de vinaigre
4495,pâte à tarte
4496,crème de coco en conserve
4497,chapelure assaisonnée à l'italienne
4498,lamelles de bacon
4499,feta émiettée
4500,tomate ancienne
4501,feuilles de laitue verte
4502,saumure d'un bocal à olives
4503,mélange pour soupe aux oignons et aux champignons